id,num_edge,num_patents,edge_density,unq_assignees,unq_inventors,unq_loc,avg_claims,avg_sim
4962875,9,9,1.0,6,25,6,16.555555555555557,0.23215017136600283
6207286,4,4,1.0,3,10,2,8.0,0.34588176012039185
4651564,45578,19149,2.380176510522743,3083,22246,1746,20.10465664449217,0.24305878849058316
5291810,63,52,1.2115384615384615,34,79,38,15.27450980392157,0.2614689761743186
4372077,1829,1251,1.4620303756994404,545,1670,421,20.593424218123495,0.24746910324691912
6154471,184,180,1.0222222222222221,66,284,56,22.06111111111111,0.21338235743789244
5423331,72426,2939,24.643075876148348,419,3168,347,17.70980926430518,0.27854563107186214
5300610,7,7,1.0,4,11,4,15.571428571428571,0.38379430770874023
5340206,3604,1275,2.8266666666666667,318,1619,274,18.465408805031448,0.2344602159182846
5970472,82262,34504,2.3841293763041964,4240,42290,1708,21.440045314587813,0.23443917025961425
6096830,1036,399,2.5964912280701755,35,240,35,13.481203007518797,0.4497419499781371
5959975,112,64,1.75,24,105,24,19.109375,0.22957822431011923
5436122,31,26,1.1923076923076923,5,28,6,15.5,0.4584871657613304
4185381,1493,588,2.5391156462585034,162,738,158,17.7679180887372,0.2949567015113762
4138356,5308,3274,1.6212583995113012,879,4382,632,22.735554876184654,0.26970357692878716
5198935,567,460,1.232608695652174,150,664,125,16.18736383442266,0.23757991789654553
4692648,19,19,1.0,5,18,5,14.947368421052632,0.18110314874272598
6140831,153,137,1.1167883211678833,33,120,34,18.566176470588236,0.20668207844293196
6103821,1,1,1.0,1,1,1,9.0,0.2878018319606781
5637587,4,3,1.3333333333333333,1,7,2,8.333333333333334,0.26479120552539825
4588750,932,719,1.2962447844228095,179,963,166,20.165969316596932,0.26971469478593746
5404011,493,337,1.4629080118694362,66,352,65,21.235119047619047,0.3550234579653092
5026598,189,177,1.0677966101694916,83,328,62,17.02857142857143,0.29302737753463803
4430375,2978,1421,2.095707248416608,429,1789,374,19.735915492957748,0.3074859858245343
4183971,572,369,1.5501355013550135,130,558,124,19.601626016260163,0.3202038539697292
5073231,302,245,1.2326530612244897,72,356,70,17.277551020408165,0.22450746714896122
4820599,7801,3177,2.455461126849229,652,4516,497,19.523329129886505,0.2958614952135738
6096518,1,1,1.0,1,1,1,18.0,0.8106334209442139
5305371,2272,1460,1.5561643835616439,235,1534,188,23.878099173553718,0.21152889316562976
5594323,4954,2895,1.7112262521588946,643,3543,461,19.721260387811633,0.2205540933349231
5107846,4658,2518,1.8498808578236696,672,3476,519,20.08744038155803,0.2602563375166769
5388452,5506,3001,1.8347217594135288,729,3979,482,20.282136894824706,0.2370389803930217
4695975,97808,45775,2.1367121791370836,5744,53291,2166,22.114302011803165,0.22037127359741393
5744376,15624,7584,2.060126582278481,662,8840,461,18.780651973076417,0.2637035007926258
4474263,177,140,1.2642857142857142,95,188,91,15.878571428571428,0.2646685537308623
5186357,681,395,1.7240506329113925,208,677,182,19.083756345177665,0.24598279131765144
6148233,27026,8780,3.078132118451025,1349,8856,818,21.230128863040257,0.24797025864719513
5821336,111,68,1.6323529411764706,20,129,19,22.36764705882353,0.33338435209012246
5311948,351,278,1.2625899280575539,80,396,80,23.55956678700361,0.2573726807596252
5757107,441,291,1.5154639175257731,83,416,67,16.43448275862069,0.26689044475690576
6092903,3833,2023,1.8947108255066734,389,2441,307,21.547524752475248,0.22744604664279192
5129641,872,759,1.1488801054018445,220,1292,202,16.91545574636724,0.24706456342011418
5729777,544,296,1.837837837837838,86,359,79,21.39322033898305,0.2668963188035003
5416033,1093,983,1.1119023397761953,110,1261,98,16.85554425228891,0.22209735987631285
5825940,37,35,1.0571428571428572,14,55,12,15.914285714285715,0.258402225133535
6236622,4930,1006,4.900596421471173,292,1392,233,18.58565737051793,0.3320571631185605
6038025,878,279,3.1469534050179213,59,322,60,20.00361010830325,0.33340379536355547
5512816,1265,1082,1.1691312384473198,264,1361,188,18.27079482439926,0.2666758342914784
4566750,670,591,1.1336717428087986,175,799,151,18.286926994906622,0.22423693615275977
5801461,9,8,1.125,6,22,7,15.125,0.25565948088963825
5441354,223,201,1.109452736318408,33,211,37,13.845771144278608,0.2437728588289744
4324897,12,12,1.0,5,18,6,11.083333333333334,0.37064478173851967
5165921,4307,898,4.796213808463252,226,1242,188,23.219620958751392,0.3410101116879034
5625899,126,87,1.4482758620689655,49,155,48,18.35632183908046,0.28586101957729887
5461226,846,530,1.5962264150943397,138,700,133,19.685009487666033,0.17969064836348483
5024143,64,40,1.6,21,83,21,12.15,0.3029338337946683
4534727,520,354,1.4689265536723164,132,417,133,18.692307692307693,0.2537845761730121
4804804,1307,777,1.6821106821106822,245,1216,234,19.6520618556701,0.23544134167981404
4541109,824,565,1.4584070796460178,166,912,128,19.08896797153025,0.2144556083112901
5758237,302,259,1.166023166023166,74,457,65,17.209302325581394,0.28750197115101367
6244215,616,204,3.019607843137255,23,132,27,17.558823529411764,0.31744305178668203
4765754,296,243,1.2181069958847737,100,403,83,15.21161825726141,0.24788353050983436
5653936,8,7,1.1428571428571428,5,11,5,17.714285714285715,0.27369963377714157
5911152,738,605,1.2198347107438017,153,758,109,20.105960264900663,0.20911995614790496
5398313,9818,5792,1.695096685082873,889,8432,498,22.163463203463202,0.21884923923825927
6230319,11486,6011,1.9108301447346532,884,8154,525,21.429404900816802,0.20837219909293078
4873049,261,192,1.359375,77,377,70,15.209424083769633,0.2766367724857568
4893005,10106,4999,2.021604320864173,1122,5963,813,21.35193736197551,0.2093867985760762
5186355,429,306,1.4019607843137254,130,546,120,20.970588235294116,0.217760989485886
4513641,9,6,1.5,3,18,3,23.666666666666668,0.33194811393817264
5283658,284,226,1.2566371681415929,40,246,40,15.324444444444444,0.2486807615430632
6258108,4629,1840,2.5157608695652174,287,1943,219,18.66413043478261,0.27281606620447746
5113399,1186,988,1.2004048582995952,156,1146,143,18.95010183299389,0.221564625044358
5061703,1865,748,2.4933155080213902,249,985,222,19.941097724230254,0.3657141262979993
4319747,8262,2211,3.7367706919945727,892,2332,662,18.7083144025443,0.2652624976361106
5360901,117,71,1.647887323943662,21,121,20,14.985915492957746,0.39270373822277427
6230497,3169,1568,2.021045918367347,505,2199,388,20.788633461047255,0.23338848822942646
4687540,5604,1904,2.94327731092437,375,2568,288,19.939936775553214,0.24340886939393475
5109633,72,56,1.2857142857142858,34,132,34,14.785714285714286,0.24994326010346413
5043079,2441,1580,1.5449367088607595,708,2223,569,19.88613231552163,0.2515647478030811
6046020,1,1,1.0,1,2,1,8.0,0.3544672429561615
5450070,71014,28414,2.4992609277116915,4572,31589,2214,21.43980352662638,0.21401984209666028
5912959,14,11,1.2727272727272727,8,19,9,15.0,0.32868068878139767
5229248,267,197,1.3553299492385786,39,314,45,14.852791878172589,0.4016195920745978
5747075,549,322,1.704968944099379,101,513,102,18.338509316770185,0.2922426929768643
6027903,18,18,1.0,6,58,8,16.944444444444443,0.2746125790807936
4255452,106,97,1.092783505154639,19,66,19,30.422680412371133,0.3255155816814809
5876695,18,17,1.0588235294117647,9,36,10,21.058823529411764,0.3484850087099605
5039209,496,438,1.1324200913242009,119,658,108,19.48611111111111,0.23476002999438694
5305692,133,75,1.7733333333333334,23,92,26,23.333333333333332,0.23821754009932056
4236552,129,100,1.29,55,168,54,15.84,0.2276234983993593
4439039,1065,758,1.4050131926121372,186,921,148,24.259894459102902,0.23982847662633852
4870527,1190,876,1.3584474885844748,301,1231,258,19.262313860252004,0.2576819006071872
6178830,28,18,1.5555555555555556,11,37,11,15.88888888888889,0.2504070590117148
5956237,28,28,1.0,17,46,18,16.571428571428573,0.2321116030216217
5434503,646,509,1.269155206286837,119,753,108,15.448818897637794,0.25696656610383545
4840139,1991,1510,1.318543046357616,376,2419,286,18.242384105960266,0.22188510116431084
4264270,144,109,1.3211009174311927,48,211,48,15.275229357798166,0.21377442637458444
4242872,1731,1187,1.4582982308340353,448,1750,392,18.724050632911393,0.2415414054271163
5045384,606,420,1.4428571428571428,123,478,105,19.172248803827753,0.1943148661546237
5252307,81,81,1.0,22,77,25,16.617283950617285,0.14256351746986679
4434952,523,269,1.9442379182156133,139,413,136,18.222641509433963,0.26453182608402026
5373839,59,57,1.0350877192982457,29,81,30,18.526315789473685,0.22986252081848807
5177609,761,607,1.2537067545304779,184,847,136,18.91846921797005,0.22838084634917247
4813382,333,296,1.125,38,251,41,12.482993197278912,0.15612323708026796
4211692,2164,1573,1.375715193897012,559,2462,434,21.27469725940089,0.2893629022641538
5627888,7924,5155,1.5371483996120272,825,6572,466,22.345063538611925,0.2218122296037053
5509467,19,19,1.0,5,17,7,18.736842105263158,0.29016649958334473
5067329,214,162,1.3209876543209877,90,217,85,16.925925925925927,0.22129114440459513
5338228,134,115,1.1652173913043478,59,230,60,17.139130434782608,0.2470117208700794
5361247,2289,1800,1.2716666666666667,369,2363,263,17.99552071668533,0.23531057119696772
5137247,2396,944,2.538135593220339,212,944,194,21.758218451749734,0.28840803375977064
6006588,15,15,1.0,9,28,8,21.133333333333333,0.23576611876487732
6016920,12,8,1.5,3,5,3,17.5,0.24306958355009556
4148279,414,405,1.0222222222222221,59,304,60,22.737623762376238,0.22247835417876496
4460058,576,424,1.3584905660377358,148,675,131,13.127358490566039,0.2796638190371191
5711833,229,160,1.43125,68,288,65,17.13125,0.28878980123450143
6295816,1270,940,1.351063829787234,169,1530,167,17.712460063897762,0.26767995919680265
5049202,45,34,1.3235294117647058,24,58,25,19.823529411764707,0.27291710923115414
4186311,831,543,1.5303867403314917,260,835,232,18.793357933579337,0.2642709653218647
4848049,271,234,1.1581196581196582,133,326,126,18.047210300429185,0.2632800898208829
4642208,1889,1301,1.4519600307455802,246,1904,187,19.13153846153846,0.2406245939356663
4434740,110,100,1.1,71,151,74,16.09,0.2496083838018504
5399074,21197,4291,4.939874155208576,987,4953,708,19.513545072396077,0.2658707191123651
6122635,1489,894,1.6655480984340045,227,1274,152,24.161616161616163,0.22448938498129634
4750370,231,179,1.2905027932960893,106,363,96,18.07262569832402,0.21865662247410197
5409081,191,137,1.3941605839416058,97,187,93,15.562043795620438,0.26512150583466937
5356003,669,317,2.110410094637224,184,453,174,18.08832807570978,0.2500818684608056
5925843,21975,10124,2.1705847491110233,1383,11438,765,21.632245301681504,0.25070961184151425
5534708,1994,1047,1.9044890162368673,338,1643,292,18.029665071770335,0.2332159280724433
5780932,45,41,1.0975609756097562,21,83,23,16.121951219512194,0.22308966914812725
4823192,1005,982,1.0234215885947047,153,1376,127,18.297435897435896,0.2011100263256042
5142979,221,149,1.483221476510067,53,243,52,15.483221476510067,0.27994510404158773
5794376,8,8,1.0,6,8,7,18.0,0.28325180336833
6212500,6668,2137,3.120262049602246,345,3250,244,21.05854800936768,0.19978686551481303
5227301,1714,1131,1.515473032714412,271,1273,228,19.97340425531915,0.25350372682358707
4518682,248,215,1.1534883720930234,26,381,34,15.116279069767442,0.4136667691261297
4443791,11471,6752,1.698904028436019,1901,9611,1254,20.31927531927532,0.22687644646526584
5529095,4,4,1.0,4,15,4,14.0,0.18318302929401398
4149743,12,8,1.5,4,13,4,14.25,0.3582276925444603
4566230,69,44,1.5681818181818181,23,77,24,16.477272727272727,0.27434849865950534
4627936,5075,2342,2.1669513236549958,524,3409,420,19.875053487376977,0.3304507799831958
5622612,538,299,1.7993311036789297,85,438,79,23.70469798657718,0.24022579313598602
4864097,1031,428,2.4088785046728973,103,474,95,24.28103044496487,0.28406955566705283
5688167,55,54,1.0185185185185186,10,64,12,19.166666666666668,0.2801575355909087
6012377,20,17,1.1764705882352942,11,35,13,14.176470588235293,0.23053790628910065
4661443,763,589,1.295415959252971,171,750,126,19.199658703071673,0.22584881793907788
6263684,7,7,1.0,6,11,6,22.285714285714285,0.17220773920416832
4224097,43,41,1.048780487804878,28,75,20,16.463414634146343,0.22960380308849868
4242022,485,460,1.0543478260869565,115,370,105,17.232608695652175,0.2602373271988532
6112423,1412,897,1.5741360089186176,276,1219,248,18.770089285714285,0.2495225541753012
4846965,85,77,1.103896103896104,56,138,54,17.103896103896105,0.2953165648614659
4523944,2,2,1.0,1,1,1,8.5,0.624843418598175
5918756,203,147,1.380952380952381,92,246,83,17.918367346938776,0.2009548198505135
4701435,154,76,2.026315789473684,26,121,22,21.342105263157894,0.41964406984580027
4165097,884,551,1.6043557168784028,179,655,197,16.98181818181818,0.2520103129006214
6144209,255,160,1.59375,79,304,76,18.67295597484277,0.2318763547266523
5717481,89,65,1.3692307692307693,33,92,34,23.415384615384614,0.23747108156761426
4373882,225,145,1.5517241379310345,48,206,53,16.32638888888889,0.24074381763736408
5876112,34,26,1.3076923076923077,11,45,12,17.615384615384617,0.24117667052675695
4274849,3320,1310,2.5343511450381677,384,1790,312,20.91858678955453,0.3100327639153272
5057427,2648,1170,2.263247863247863,328,1466,268,17.846746575342465,0.29535539162076524
4636227,529,359,1.4735376044568245,180,627,150,19.5041782729805,0.2591884418448789
4227650,5851,3240,1.8058641975308642,815,3619,663,19.05785891089109,0.2349928900348941
5417597,1341,1048,1.2795801526717556,264,1328,249,17.45889101338432,0.23081897313260014
4421525,2492,1563,1.5943698016634678,429,2306,344,21.05121638924456,0.288847933040878
4881715,2,2,1.0,2,8,2,19.0,0.25599080324172974
4994868,1239,1177,1.05267629566695,201,1223,148,21.16496598639456,0.200847864238195
4839581,503,412,1.220873786407767,156,685,143,19.189320388349515,0.21947524428115806
4827978,98,77,1.2727272727272727,26,94,23,17.93421052631579,0.2576385016876216
5704513,17,17,1.0,17,51,15,15.588235294117647,0.23508484661579132
5808974,567,502,1.1294820717131475,82,488,65,24.782868525896415,0.23011106230003178
5482645,158,133,1.1879699248120301,73,282,66,18.015037593984964,0.2586499284805518
5703441,716,508,1.4094488188976377,92,476,80,29.106299212598426,0.2863398879017244
4434444,841,673,1.24962852897474,178,997,160,13.159940209267564,0.26968349075425463
5387783,60821,23866,2.5484371071817646,3261,27632,1453,21.6211923868745,0.21800755481428175
5918117,614,364,1.6868131868131868,92,447,66,16.961432506887054,0.3079747016183692
4484356,3215,2556,1.2578247261345852,585,2885,430,23.550177095631643,0.23430287793415466
4548795,21,13,1.6153846153846154,4,26,5,20.153846153846153,0.38119285447256906
5532633,8005,4740,1.6888185654008439,549,5498,384,20.495661375661374,0.24324136690609763
4800813,285,250,1.14,61,291,58,14.792,0.19981571630689135
6064690,1281,1031,1.2424830261881668,234,1334,180,23.1126213592233,0.19820791602085266
5909181,42,38,1.105263157894737,25,63,24,18.105263157894736,0.23782146393897988
6093090,110,57,1.9298245614035088,19,104,24,17.68421052631579,0.23482643582604149
4380745,4454,3184,1.3988693467336684,684,4510,466,21.06041535556954,0.22476957597436076
5011892,1709,921,1.8555917480998914,211,1386,188,19.757608695652173,0.2793380635735487
5102502,18,17,1.0588235294117647,4,26,3,24.176470588235293,0.283303944600953
6299401,2,2,1.0,2,2,2,9.5,0.3198729157447815
4638334,2276,1335,1.7048689138576778,345,2099,265,20.13233082706767,0.2587555138879539
5911209,1126,662,1.700906344410876,153,867,153,15.248861911987861,0.3184864539917737
5554097,516,322,1.6024844720496894,144,507,122,18.555900621118013,0.2707751970268901
5026750,53,52,1.0192307692307692,30,107,20,24.096153846153847,0.28240916969360047
6226811,44,25,1.76,15,47,16,16.32,0.25690690224820917
4702906,2716,1417,1.916725476358504,260,1985,207,21.09456598447424,0.3571898088837111
4262023,90,65,1.3846153846153846,46,121,42,16.046153846153846,0.28752056020829414
5762443,615,293,2.098976109215017,160,460,142,17.869415807560138,0.2826371904735158
4577010,27,24,1.125,13,57,12,17.041666666666668,0.2940756653745969
5687236,242493,80227,3.0225859124733567,8519,86555,2811,21.338503649635037,0.22044755925518422
5970843,1427,905,1.5767955801104971,320,1500,279,18.207964601769913,0.2731284237483733
5532437,218,186,1.1720430107526882,81,330,72,19.365591397849464,0.23202314803701476
5261582,218,184,1.184782608695652,97,295,94,16.38586956521739,0.22989143217580582
6029956,5,5,1.0,5,16,6,15.0,0.2571770638227463
4905236,451,372,1.2123655913978495,111,526,99,19.441734417344172,0.20565417111167755
5286340,3418,438,7.80365296803653,74,742,66,17.04794520547945,0.21810443904861207
5819810,19,18,1.0555555555555556,6,22,6,16.444444444444443,0.36910291408237655
5757286,7469,4024,1.8561133200795228,878,5719,573,20.10950361686206,0.2198530655088971
5012259,552,424,1.3018867924528301,119,568,100,19.221698113207548,0.2667664911874664
5646902,4232,1466,2.8867667121418825,213,1784,161,19.279753761969904,0.24949664830777613
5510083,58,50,1.16,31,92,25,19.18,0.2500629278606382
4268148,43,42,1.0238095238095237,20,74,16,14.119047619047619,0.2364618353718935
6113692,15,13,1.1538461538461537,7,19,7,16.307692307692307,0.2558537145455678
5975369,927,601,1.5424292845257903,331,987,280,16.873333333333335,0.24955719140556187
5749416,151,106,1.4245283018867925,48,145,41,26.19811320754717,0.24866849381402628
6215517,17601,1227,14.34474327628362,174,1327,148,17.381847914963206,0.30875282988276886
5199001,6239,3815,1.635386631716907,347,3167,266,19.79963186957665,0.23475203327882388
5664200,286,277,1.032490974729242,99,552,82,18.56678700361011,0.22983569860575603
5152227,797,549,1.4517304189435336,195,738,178,21.098360655737704,0.22932905713365023
4463281,103,84,1.2261904761904763,36,159,31,16.75,0.28702457791682584
5460691,421,381,1.10498687664042,108,763,84,21.233595800524935,0.23613457199000265
4260134,11,11,1.0,9,32,8,18.90909090909091,0.23539984683421525
4300281,710,446,1.5919282511210762,160,744,151,16.687640449438202,0.24307373565110102
5975287,318,122,2.6065573770491803,33,137,34,24.39344262295082,0.32752155584031306
4336810,66018,16396,4.026469870700171,2095,13536,1198,22.103528404574085,0.2453434695675743
4593467,2326,1269,1.8329393223010244,282,1327,241,18.93982581155978,0.22871250479569402
6148317,232,191,1.2146596858638743,47,208,41,21.282722513089006,0.32415230347421664
5748056,2622,474,5.531645569620253,130,577,106,21.540084388185655,0.4541296489829555
4280149,798,764,1.044502617801047,191,1081,144,20.35921052631579,0.2343139105294376
4287312,66,65,1.0153846153846153,23,174,20,17.8,0.3380302728125543
4725432,4466,1402,3.1854493580599144,335,1842,289,20.828203292770223,0.4658528598332058
5075308,504,349,1.4441260744985673,98,729,78,20.54310344827586,0.26176452296712094
4153126,865,684,1.2646198830409356,261,1064,244,18.33970588235294,0.22097776855013704
4772273,6533,3179,2.0550487574709027,655,3777,525,19.566834804539724,0.22812680280286893
5775121,1202,596,2.0167785234899327,224,795,206,19.97818791946309,0.2683588729601062
5585886,17,17,1.0,8,45,8,22.0,0.1677678380818928
4407486,139,124,1.1209677419354838,71,239,58,17.322580645161292,0.2887228541880203
6270007,551,371,1.4851752021563343,156,473,143,17.221621621621622,0.2736418499153263
4490998,391,273,1.4322344322344323,136,343,137,18.062730627306273,0.2873947350379756
5865533,211,178,1.1853932584269662,96,283,91,17.758426966292134,0.24072532376971856
5635103,210,174,1.206896551724138,74,314,69,18.850574712643677,0.2895108320173763
5197201,224,156,1.435897435897436,83,284,76,17.871794871794872,0.2631360866362229
4193001,10796,4873,2.21547301457008,768,5393,560,21.136720363486162,0.2371213464562827
5812954,8131,4726,1.7204824375793484,855,5743,513,21.491503823279523,0.22272897803168543
5779229,31,25,1.24,9,30,10,17.36,0.27550635270534024
4986879,3396,2616,1.298165137614679,239,3179,205,17.723371647509577,0.26837797789712126
5190862,204,144,1.4166666666666667,36,267,32,15.520833333333334,0.3184267460441619
4163383,790,593,1.3322091062394603,257,775,222,20.51096121416526,0.2395498987192972
4293250,37,33,1.121212121212121,20,55,19,16.151515151515152,0.2724516866980372
5222350,45,31,1.4516129032258065,19,60,19,16.096774193548388,0.37488731626007293
5399351,13852,5537,2.5017157305400035,897,5590,629,19.237094729215723,0.279141885994671
5487664,248,121,2.049586776859504,71,189,58,19.858333333333334,0.3498540918432897
5946396,918,779,1.1784338896020539,238,1170,194,20.613899613899616,0.23112263972211572
5510126,10,8,1.25,4,11,4,10.0,0.44832277595996856
5827530,452,225,2.008888888888889,86,350,85,20.017777777777777,0.23619436406307912
5739832,672,408,1.6470588235294117,91,486,90,14.870098039215685,0.3405995266955523
5792012,3,3,1.0,3,8,3,15.333333333333334,0.28434354066848755
6237766,584,402,1.4527363184079602,161,740,148,18.66915422885572,0.21531443993803367
5007855,204,191,1.068062827225131,64,234,60,14.13089005235602,0.20757324726996468
5893706,492,354,1.3898305084745763,100,445,92,16.449152542372882,0.2926350240586174
4566302,1,1,1.0,1,1,1,5.0,0.16004276275634766
5469590,590,303,1.9471947194719472,131,462,128,18.844884488448844,0.3164525060961812
5510592,37,29,1.2758620689655173,11,46,13,14.448275862068966,0.21633514157823613
4756855,89,80,1.1125,47,114,44,17.4625,0.21249106593346329
5047256,17,17,1.0,9,42,10,21.235294117647058,0.33301222674986897
4757091,278,186,1.4946236559139785,33,263,31,15.74731182795699,0.3084499398983425
5097908,204,121,1.6859504132231404,24,113,26,15.818181818181818,0.32063249454778786
5586333,7463,5748,1.2983646485734168,786,7833,515,19.708827634333566,0.21660407719666752
5330075,3092,884,3.497737556561086,285,1149,242,19.511312217194572,0.32814873191410554
4661568,1073,420,2.5547619047619046,157,671,128,24.307875894988065,0.36353105676724107
5777296,129,126,1.0238095238095237,76,267,76,19.0,0.23286537465083507
6290506,218,191,1.1413612565445026,66,274,70,17.895287958115183,0.24634907421989177
4151896,566,452,1.252212389380531,150,589,132,18.727272727272727,0.2811660245488737
5554765,95,71,1.3380281690140845,15,80,24,16.732394366197184,0.2346788341277524
5386741,120122,6905,17.39637943519189,1073,6878,727,18.51885697708152,0.25809397914081234
5649728,30,29,1.0344827586206897,23,44,21,18.586206896551722,0.22306722899278006
4776529,319,275,1.16,106,423,101,17.17216117216117,0.2029926373526968
6224494,1127,509,2.2141453831041256,33,317,32,19.339882121807467,0.35322902559863856
5633787,1113,1021,1.090107737512243,277,1224,207,16.893909626719058,0.20015319629998246
5560696,1611,975,1.6523076923076923,247,1449,192,20.758230452674898,0.2378770449643343
4707951,3329,1840,1.8092391304347826,541,2721,437,19.000544959128064,0.2131633656033695
4455980,669,581,1.1514629948364887,137,1029,137,17.355172413793102,0.27034095909463185
6177440,89,62,1.435483870967742,21,127,22,22.596774193548388,0.31877578673570345
5941189,190,142,1.3380281690140845,64,229,61,19.85211267605634,0.2963384033621926
5475858,17429,10614,1.6420765027322404,1213,13212,659,20.63691262502359,0.21081086063268495
4688711,284,165,1.7212121212121212,78,215,80,16.866666666666667,0.2635892929548634
5506340,71,67,1.0597014925373134,39,117,33,16.52238805970149,0.29881984341732215
5052413,1642,678,2.421828908554572,103,780,87,19.12130177514793,0.27703645796799775
4871892,570,430,1.3255813953488371,219,752,196,19.016317016317018,0.2565902413048765
6321959,39,31,1.2580645161290323,29,54,27,19.483870967741936,0.24326205463745657
4616277,2106,1437,1.465553235908142,273,2025,207,18.88362369337979,0.2617712787847378
5644713,23820,13490,1.765752409191994,1452,16342,676,22.019173602853744,0.20236679569643334
5658754,9651,2831,3.4090427410808903,503,3486,315,20.71180432470755,0.3453602465492109
6028384,364,345,1.055072463768116,67,313,65,14.956521739130435,0.10465148408963744
4596925,4648,3375,1.3771851851851853,1093,5042,738,21.821290514421648,0.22758267485910286
4400304,307,246,1.2479674796747968,115,399,107,18.203252032520325,0.27469104802666733
5790169,22,22,1.0,15,42,12,17.476190476190474,0.19819972257722507
4398879,54,38,1.4210526315789473,18,43,18,14.631578947368421,0.1981679451720858
6277436,9234,4086,2.2599118942731278,449,4756,303,18.099509803921567,0.3077638037238489
5516421,147,110,1.3363636363636364,30,251,28,21.472727272727273,0.3317629988907146
6139892,250,101,2.4752475247524752,56,208,53,18.03960396039604,0.36261243258416653
5747936,689,491,1.4032586558044806,106,716,92,20.971370143149283,0.28855977577923736
6067006,799,426,1.875586854460094,127,613,119,19.335680751173708,0.19957632155569086
5765220,56,53,1.0566037735849056,13,83,13,20.849056603773583,0.2357004008122853
6163047,67,52,1.2884615384615385,20,125,16,17.423076923076923,0.3164387667801843
4638820,2499,650,3.8446153846153845,115,737,102,19.90292758089368,0.24200939957732506
5820198,242,184,1.315217391304348,66,426,61,13.793478260869565,0.2837211820951178
5579663,3606,1349,2.6730911786508527,190,994,182,16.34521158129176,0.2871521396600681
4291327,13194,6280,2.1009554140127387,744,6827,516,19.838010204081634,0.2771539481441688
4970202,74,25,2.96,5,41,5,14.04,0.3823487714335725
5221864,1275,1080,1.1805555555555556,259,1504,190,17.808333333333334,0.25070786698556996
4847609,1724,1019,1.691854759568204,220,1096,195,20.009861932938858,0.2491047879418449
5713337,1,1,1.0,1,3,1,28.0,0.08858795464038849
6052374,366,326,1.1226993865030674,85,402,79,28.506134969325153,0.237295964323086
5652300,186,167,1.1137724550898203,60,330,61,19.790419161676645,0.2771627666248429
5136381,1586,1046,1.5162523900573615,218,1063,176,20.824442289039766,0.27320339273741234
5490028,2204,971,2.269824922760041,140,1408,123,18.37178166838311,0.2786832661887702
4384161,2253,1379,1.6337926033357506,313,2168,250,19.9934735315446,0.3672326288040921
5686544,1044,538,1.9405204460966543,211,983,184,17.77467411545624,0.3037593310450871
4295106,219,61,3.5901639344262297,28,86,28,20.262295081967213,0.262982306134415
5786623,915,748,1.2232620320855614,143,806,128,17.838926174496645,0.2782186201330824
5686254,19,19,1.0,5,44,5,25.526315789473685,0.23188354820013046
5032780,4445,3298,1.3477865372953306,877,4689,631,18.748168498168496,0.22202421572159964
4212310,471,292,1.6130136986301369,47,425,39,19.44178082191781,0.3255051822735752
6190173,641,464,1.3814655172413792,163,851,129,22.93073593073593,0.22700133975217476
5816802,3878,1366,2.8389458272327963,310,1547,267,21.563743551952836,0.29559467633156095
6037591,134,83,1.6144578313253013,38,148,35,17.096385542168676,0.3326855341889965
6267169,126,58,2.1724137931034484,23,92,25,18.913793103448278,0.31358059205942684
5341641,1544,1130,1.3663716814159292,207,1770,204,17.012444444444444,0.2840300224301613
5947968,6471,1651,3.919442761962447,259,1692,234,19.772727272727273,0.31810201379036046
5173354,1179,783,1.5057471264367817,211,1211,171,18.52112676056338,0.26776227700832894
6073331,24,21,1.1428571428571428,4,39,5,7.0476190476190474,0.3669636143992345
4357596,12871,6747,1.9076626648880983,1089,6863,712,21.12486992715921,0.20760859664612222
4275737,16723,6463,2.5874980659136626,594,4444,438,21.806661502711076,0.2655865998323073
4860173,413,380,1.0868421052631578,132,607,123,15.941798941798941,0.2593382809662934
5633172,2010,1253,1.6041500399042299,216,1240,168,19.7728,0.25341277394480816
6094608,1269,838,1.5143198090692125,162,1370,151,19.485611510791365,0.27023000247377266
5782885,9928,3253,3.0519520442668306,414,2837,293,20.524615384615384,0.2697929061740499
6325115,141,73,1.9315068493150684,43,160,41,19.52777777777778,0.20135803609188144
4393118,61,57,1.0701754385964912,27,102,28,15.303571428571429,0.23520889282837265
5010749,811,520,1.5596153846153846,226,782,216,16.640232108317214,0.2367488358941494
4959975,606,491,1.234215885947047,183,755,184,18.825819672131146,0.22462205917316277
5025647,194,127,1.5275590551181102,75,188,74,15.857142857142858,0.2558144241110566
5274259,1211,836,1.4485645933014355,104,982,99,20.210526315789473,0.2438328217170536
4585109,549,335,1.6388059701492537,142,593,134,15.691842900302115,0.2642864568298089
4636021,4491,3351,1.3401969561324978,715,4620,493,17.01619676064787,0.23153943216079692
4197238,1267,685,1.8496350364963503,190,956,140,20.494890510948906,0.23649209871558854
5225101,20,17,1.1764705882352942,13,34,11,12.529411764705882,0.26658342853188516
6105322,214,123,1.7398373983739837,53,233,51,19.173553719008265,0.2410286326030983
4145506,2571,1874,1.371931696905016,369,2209,262,21.114270386266096,0.26020206824178327
5038661,641,487,1.3162217659137576,109,505,93,20.324380165289256,0.21601280914372567
4306504,4,4,1.0,2,6,2,27.25,0.25897497683763504
6049364,3518,2023,1.7390014829461196,231,1946,200,19.73837784371909,0.25381878703978755
4641695,54,44,1.2272727272727273,14,71,13,13.363636363636363,0.31700757835750226
5036208,674,480,1.4041666666666666,128,722,103,18.1875,0.24267389965506175
5271406,4304,1912,2.2510460251046025,395,2226,310,20.681508643268728,0.24877887490382553
5655732,220,145,1.5172413793103448,61,240,69,15.993103448275862,0.2661216618662531
5222709,2276,1371,1.6601021152443471,477,2122,404,17.266812865497077,0.22376861034725548
4799163,930,579,1.6062176165803108,213,824,199,19.058823529411764,0.2685805317374968
4722689,1922,876,2.1940639269406392,270,1138,248,20.409666283084004,0.28355538817670417
5644185,1035,537,1.9273743016759777,202,928,190,17.338919925512105,0.23824937988414568
5769784,11613,2995,3.877462437395659,584,3487,423,20.599398596725692,0.35504000838996763
4475812,4476,2964,1.5101214574898785,962,4482,669,21.995599187542314,0.25828264067673573
4217597,930,749,1.2416555407209613,186,1036,160,16.939353099730457,0.20745603180069838
6323811,3454,1779,1.9415401911186059,349,2042,289,18.89600899381675,0.22925396306471513
5422964,5350,3565,1.5007012622720897,630,3788,423,20.380694760820045,0.27634968076745553
6000004,227,217,1.0460829493087558,81,382,72,19.19815668202765,0.23973353413069037
4815513,992,800,1.24,194,983,158,21.896120150187734,0.2043855430862506
4405504,70,69,1.0144927536231885,33,144,34,15.470588235294118,0.3523139278803553
4585478,1,1,1.0,1,2,1,24.0,0.0780676007270813
6223759,6,5,1.2,5,14,5,26.8,0.2643184761206309
6192311,1550,687,2.2561863173216885,186,1075,150,18.96204379562044,0.24356732539952763
4455414,560,348,1.6091954022988506,151,720,135,19.778735632183906,0.25687470415640357
5523144,1061,495,2.1434343434343432,167,700,159,20.947474747474747,0.2800622225627584
5291523,2905,2174,1.3362465501379945,420,2537,291,21.141334569045412,0.2644556367526187
4814655,539,362,1.488950276243094,100,596,99,16.38781163434903,0.2718100412982017
6059828,183,106,1.7264150943396226,46,187,45,19.70754716981132,0.2824742345373487
4390641,177,150,1.18,77,288,75,18.873333333333335,0.3088801517493307
6277329,708,358,1.9776536312849162,86,513,87,20.248603351955307,0.2342201284222347
4951509,209,161,1.2981366459627328,55,237,52,19.15625,0.22799104959236094
5295616,124,113,1.0973451327433628,37,214,36,13.756756756756756,0.2588665011308847
6268950,5346,1103,4.846781504986401,146,945,123,24.00543970988214,0.309034060050963
4198128,1373,809,1.6971569839307787,150,677,122,17.711633663366335,0.3155202161963657
6070049,25,24,1.0416666666666667,11,64,10,14.583333333333334,0.2547924739122391
5174538,4,4,1.0,4,7,4,11.0,0.1907031387090683
4972401,2782,1842,1.510314875135722,307,2206,244,18.339226519337018,0.2752420961201368
5582131,15,12,1.25,8,9,8,15.25,0.4186037309467793
6313394,4669,1636,2.8539119804400976,505,2152,417,17.99327217125382,0.23101404523822042
5707877,1316,971,1.3553038105046344,292,1423,238,19.28939237899073,0.27223973296013715
4431454,8,8,1.0,8,24,8,7.625,0.380669966340065
6182108,8850,6683,1.324255573844082,787,10040,463,20.912201710941016,0.2227020604329842
4916393,251,184,1.3641304347826086,80,282,68,19.472826086956523,0.21906321251994942
4577859,484,276,1.7536231884057971,160,402,148,17.636363636363637,0.24898872331308186
4339589,132,110,1.2,49,231,50,18.745454545454546,0.2694602112822009
4916305,631,304,2.075657894736842,111,390,99,15.841584158415841,0.27858473443043924
5914255,248,190,1.305263157894737,60,273,59,18.194736842105264,0.3028718210651629
4719359,236,213,1.107981220657277,118,374,112,22.39712918660287,0.23732591283870702
5736431,732,457,1.6017505470459519,109,611,97,18.01969365426696,0.25314247261865136
4677836,1697,670,2.532835820895522,193,996,176,17.11161387631976,0.23567714771384346
5322395,15,10,1.5,6,12,7,20.2,0.22068829337755838
4567421,238,222,1.072072072072072,110,319,93,17.00900900900901,0.23486489220326687
4381044,544,365,1.4904109589041097,105,442,85,19.90304709141274,0.2712606365984196
5532134,7,5,1.4,2,19,2,17.0,0.4151861880506788
4342201,834,269,3.100371747211896,111,425,112,17.615671641791046,0.32576699442804147
4423770,3,3,1.0,3,5,3,16.0,0.2904391388098399
5676264,4,4,1.0,3,10,3,19.5,0.28931718319654465
5300160,909,655,1.3877862595419848,277,1190,224,18.047619047619047,0.24965759134790946
4158855,699,651,1.0737327188940091,186,954,153,17.309119010819167,0.23252172989221837
5252654,6014,3129,1.9220198146372642,642,4545,434,19.084213896894013,0.27020115681891244
4937778,31365,16497,1.9012547735951992,2003,17692,1042,22.392724618285783,0.20023421642058992
5043437,1910,498,3.8353413654618476,98,442,73,21.40562248995984,0.3797071395708261
4286809,821,569,1.4428822495606326,262,815,227,19.713780918727917,0.2294792543924283
4496122,195,134,1.455223880597015,60,244,59,16.953846153846154,0.2878761017551789
4867859,20075,4132,4.858422071636012,586,5480,409,18.910082404265633,0.3086339630268079
5549186,182,112,1.625,63,169,58,16.517857142857142,0.2819216520126377
5607327,662,488,1.3565573770491803,138,788,134,12.62704918032787,0.2503468615447489
5617031,993,479,2.0730688935281836,166,741,153,23.989561586638832,0.25819309209431224
5294568,16781,4706,3.565873353166171,588,6475,397,19.444988295381997,0.3205154635657954
5778890,767,574,1.3362369337979094,104,709,100,17.95993031358885,0.19600127280885268
4968842,853,763,1.1179554390563564,88,660,85,16.81913499344692,0.20132199176865578
6039637,60,44,1.3636363636363635,29,86,31,14.75,0.1985603635199368
4601289,50642,9235,5.483703302652951,1169,7660,848,19.300206589105144,0.28215352996451143
4378964,868,545,1.5926605504587157,234,826,209,18.099815157116453,0.259948231078135
4821528,3494,2184,1.59981684981685,466,3105,378,19.04355800091701,0.23709048595093937
6317391,226,158,1.4303797468354431,35,320,37,19.77848101265823,0.23247009979363167
4969672,1315,905,1.4530386740331491,311,1506,258,15.786740331491712,0.23050777746697343
4509496,18,18,1.0,16,25,16,17.11764705882353,0.35434645497136646
5180691,4738,2690,1.7613382899628254,341,3132,259,19.13987318164864,0.2485611720475808
4788148,680,268,2.537313432835821,63,361,60,20.619402985074625,0.352880120414364
4521260,131,109,1.201834862385321,46,198,48,16.824074074074073,0.29768109162345185
4988128,4,4,1.0,4,7,4,11.0,0.24559608101844788
4583634,1112,807,1.3779429987608427,313,1556,266,18.040993788819875,0.22814095920837893
5200220,636,460,1.382608695652174,164,770,146,18.949891067538125,0.27214342109718415
6237229,97,45,2.1555555555555554,21,67,22,12.454545454545455,0.25560854156453583
5719772,4195,2112,1.9862689393939394,399,2559,283,22.42022792022792,0.2692676845062147
6080367,101,78,1.294871794871795,38,141,36,17.58974358974359,0.2479436513368446
4191145,167,145,1.1517241379310346,48,246,48,14.784722222222221,0.28419892505525113
4191441,1411,1250,1.1288,418,1894,338,16.57441673370877,0.22098537233759122
4138212,476,296,1.6081081081081081,158,550,141,19.125,0.3290004912262955
4504508,323,220,1.4681818181818183,94,342,84,22.12272727272727,0.3219833569168675
4785010,534,357,1.495798319327731,114,636,95,19.424157303370787,0.29793323524826476
4552872,21496,7342,2.9278125851266683,1542,7783,969,21.474353713582275,0.32809560925742903
5330496,195634,15597,12.543053151247035,1775,12689,1047,19.592133170512245,0.26006555264105646
6206334,78,51,1.5294117647058822,27,76,29,18.294117647058822,0.24532686341076326
6091805,5775,2168,2.6637453874538743,372,3067,255,20.566449814126393,0.23738759404108326
5017122,705,445,1.5842696629213484,193,731,176,21.501128668171557,0.293237004060536
4231674,10,10,1.0,7,13,7,11.4,0.15481011830270291
5942258,9,9,1.0,8,16,9,12.777777777777779,0.27455394135581124
4728411,1614,1097,1.471285323609845,301,1729,256,16.272146118721462,0.28720385543575055
5066353,1427,1006,1.4184890656063618,253,941,238,20.01593625498008,0.19320621261909635
4798124,622,281,2.213523131672598,99,233,103,16.583629893238435,0.3079499922620905
6256372,3106,1477,2.102911306702776,348,2030,302,21.08423913043478,0.3235188363421605
5585771,376,187,2.0106951871657754,57,347,54,19.566844919786096,0.2421361835812159
6197406,274,193,1.4196891191709844,35,322,34,19.828125,0.33852832164805735
5170461,5725,3006,1.9045242847638058,689,4346,461,19.690079893475367,0.24552232616869774
5444840,27070,15579,1.7375954810963476,2089,18461,956,22.296169938847765,0.2106726393225406
4702466,258,238,1.084033613445378,51,463,45,13.995780590717299,0.25594488974631757
4353431,57,41,1.3902439024390243,21,70,16,20.5609756097561,0.22898011223266
4670439,308,143,2.1538461538461537,36,247,38,14.496503496503497,0.27628983329836426
4447040,950,508,1.8700787401574803,237,699,198,18.614173228346456,0.2184711640651681
5051849,1114,816,1.3651960784313726,191,1166,166,16.65018541409147,0.2843559600840886
4666063,3206,1243,2.579243765084473,406,1515,338,18.626009693053312,0.2553772696842685
5445200,136,108,1.2592592592592593,69,182,63,17.49074074074074,0.24592147197793512
5497514,136,69,1.9710144927536233,36,107,37,15.27536231884058,0.3135993028169169
4271014,696,485,1.4350515463917526,260,822,219,19.785123966942148,0.25849331193335956
5482858,3377,1158,2.9162348877374784,306,1649,226,21.243079584775085,0.3332105502709614
4844973,3997,2139,1.868630201028518,502,2539,403,18.37206020696143,0.2523706272866112
5395417,3826,609,6.282430213464696,197,878,174,21.67105263157895,0.422885043839711
5538983,566,311,1.819935691318328,87,334,83,20.555194805194805,0.32673598873155857
4344321,47,38,1.236842105263158,17,67,16,19.68421052631579,0.2944005334630926
5641194,1441,958,1.5041753653444676,216,1731,198,14.468553459119496,0.27099501286387073
5316120,12008,3116,3.8536585365853657,566,3424,395,22.69141755062681,0.31180582733031453
5208625,493,422,1.1682464454976302,103,499,82,16.618483412322274,0.24091366452351967
4972559,331,216,1.5324074074074074,79,323,73,16.962962962962962,0.2834750082557655
5938695,988,557,1.7737881508078994,128,713,115,20.04488330341113,0.28230108489821615
4705409,1561,880,1.7738636363636364,390,1370,319,20.193181818181817,0.2896630974148784
4575936,553,315,1.7555555555555555,138,413,131,19.025396825396825,0.2636367819906898
5437925,759,473,1.6046511627906976,180,735,164,19.577167019027485,0.3030952136615127
4715173,740,423,1.7494089834515367,148,640,139,17.191943127962084,0.24957079784441236
5716926,483,280,1.725,85,342,88,19.806451612903224,0.3478122710232964
4330833,37341,25006,1.4932816124130208,3242,28376,1617,21.170882766941485,0.2080639003609438
6262173,124,67,1.8507462686567164,15,118,19,16.65671641791045,0.37549878007942633
4168820,85,85,1.0,44,104,44,22.904761904761905,0.2699813837514204
4730485,3895,2634,1.4787395596051633,731,3878,524,21.346915460776845,0.18249980845896285
5586802,3861,1224,3.1544117647058822,450,1621,401,17.421440261865794,0.2620485625999444
6307697,2506,377,6.647214854111406,47,489,38,19.180371352785144,0.3337176096906324
5314140,58,58,1.0,31,96,36,15.39655172413793,0.27376344504541367
6040213,653,565,1.1557522123893806,49,598,57,16.25132743362832,0.23686066446155538
5464157,4022,1774,2.2671927846674182,433,2320,337,20.752821670428894,0.2448108728043272
5938494,248,188,1.3191489361702127,62,393,49,13.73404255319149,0.25956683434666167
5837172,2347,1261,1.8612212529738303,373,1931,317,17.410174880763115,0.29751491099342064
5793611,1721,1253,1.3735035913806863,346,2132,263,17.513189448441246,0.23735346673743746
4276838,108,88,1.2272727272727273,40,141,44,15.034090909090908,0.29163552424008093
4815304,209,185,1.1297297297297297,114,256,112,17.756756756756758,0.23440116041442424
5893774,87,71,1.2253521126760563,33,116,35,14.52112676056338,0.23418855277457457
5294124,345,233,1.48068669527897,80,277,77,21.399141630901287,0.2293030716613799
5755297,2130,945,2.253968253968254,135,1101,116,22.534537725823593,0.32934179835847394
5379914,1076,586,1.8361774744027304,269,780,245,18.414675767918087,0.2558393884297862
5194057,583,518,1.1254826254826256,196,735,180,18.961389961389962,0.25890866336117196
4895940,7,5,1.4,4,9,4,13.0,0.3585892106805529
4529447,816,571,1.4290718038528896,182,916,152,23.919156414762742,0.31711855704677017
5367693,2515,1756,1.432232346241458,237,2473,175,20.584,0.2311388669702156
4696858,93,73,1.273972602739726,20,110,14,15.095890410958905,0.3202822722734944
6266361,2907,595,4.885714285714286,135,593,112,21.220910623946036,0.4857183255078697
5230387,55453,9005,6.158023320377568,1359,9881,836,22.382493604715826,0.36028669241511285
4184635,333,256,1.30078125,141,393,137,18.7109375,0.22172011680587814
5389560,4325,3078,1.4051332033788173,247,3149,214,18.3974609375,0.25302785136796146
5082434,49,46,1.065217391304348,25,58,26,18.282608695652176,0.22095883196713972
4741596,1279,794,1.6108312342569269,207,1233,175,21.682680151706702,0.3438703266567346
6280022,17,15,1.1333333333333333,6,36,4,12.866666666666667,0.27420885247342724
4925492,1625,689,2.358490566037736,233,1049,222,19.838662790697676,0.27145790439729506
5199441,150740,8877,16.98096203672412,985,6848,662,18.653203971119133,0.2675701795901149
4880569,1230,818,1.5036674816625917,212,1387,186,18.465601965601966,0.30423413535988914
6285589,8709,4021,2.165879134543646,278,3350,208,19.545704295704297,0.25428113049391915
5280124,4573,1197,3.8203842940685044,231,1404,188,22.350877192982455,0.29662536729633054
4331970,3468,2765,1.254249547920434,582,4148,411,18.896514161220043,0.2444558945272844
5034131,1016,507,2.0039447731755424,252,683,237,20.28118811881188,0.3150050925442905
5797113,7978,4601,1.7339708758965442,825,5961,541,22.29682055749129,0.19717911735674803
5786031,259,223,1.1614349775784754,88,482,81,18.556561085972852,0.2904956319646255
5417006,51,46,1.108695652173913,35,108,34,19.73913043478261,0.21872474822927923
4776471,2233,849,2.630153121319199,449,1108,392,16.419811320754718,0.28610287446560373
5485391,466,389,1.1979434447300772,124,677,122,18.28020565552699,0.178953719944913
4811209,28119,17024,1.6517269736842106,1373,17450,734,20.6289552766484,0.2279130175760514
4186254,219,166,1.319277108433735,63,282,61,17.367469879518072,0.3391411844726023
5535545,379,188,2.015957446808511,105,236,104,21.03723404255319,0.24166696592133324
4939682,2428,1861,1.3046749059645353,368,2415,255,21.464228079612695,0.23566289703189847
4451491,688,496,1.3870967741935485,167,876,147,19.583838383838383,0.3398753508633046
6158947,186,109,1.7064220183486238,48,174,43,18.34862385321101,0.2563501241847232
4277018,1995,1490,1.3389261744966443,392,2048,312,19.163072776280323,0.22455454751391682
5011774,3288,546,6.021978021978022,160,916,127,21.863720073664826,0.3216104354785321
4816754,9346,3215,2.9069984447900468,646,4320,438,17.940349781386633,0.2522061945032927
5102632,265,227,1.1674008810572687,77,335,74,19.17180616740088,0.2812634941823078
5557082,404,282,1.4326241134751774,69,424,77,17.677304964539008,0.25998118865110054
5432226,211,198,1.0656565656565657,102,397,93,19.31122448979592,0.2764300826795717
4462258,90,85,1.0588235294117647,34,117,38,23.423529411764704,0.2015487273534139
4938908,1136,527,2.155597722960152,210,819,176,18.448275862068964,0.36034282657291583
5852058,11343,2452,4.626019575856444,487,2682,366,20.371323529411764,0.2772815062024997
4922180,6675,1171,5.700256191289496,305,1287,262,19.596925704526047,0.41713063360221464
4466641,948,506,1.8735177865612649,226,814,192,16.244532803180913,0.26207969023331307
5756226,432,376,1.148936170212766,122,670,107,20.466487935656836,0.2848805180164399
4737270,166,148,1.1216216216216217,87,228,83,18.60810810810811,0.21112750493079782
5277071,12,11,1.0909090909090908,10,28,9,15.181818181818182,0.21994399527708688
6070393,2,2,1.0,2,4,2,15.0,0.1915370225906372
5401056,1938,1116,1.7365591397849462,317,2120,288,16.1681654676259,0.2740527979935394
4765511,905,641,1.4118564742589703,224,1019,199,18.096723868954758,0.22214784303124355
4602504,2110,1176,1.7942176870748299,510,1532,426,18.053846153846155,0.24303038775770797
5395803,1610,1020,1.5784313725490196,298,1908,217,17.593719332679097,0.2537929624596738
6284950,127,111,1.1441441441441442,6,60,9,18.954954954954953,0.5868124070129995
4465638,33,31,1.064516129032258,15,70,15,14.838709677419354,0.37300181795250287
5098872,1908,1097,1.7392889699179581,299,1452,261,18.668801463860934,0.2837726854776819
4576386,6469,2436,2.655582922824302,591,3314,451,20.082750102923015,0.31994918132910416
5782102,246,206,1.1941747572815533,85,412,84,15.04368932038835,0.24634656000776384
4915934,6853,2275,3.0123076923076924,509,2489,410,20.650506831203174,0.32629212054480533
6148443,68,39,1.7435897435897436,29,59,28,16.564102564102566,0.32101591260117646
5050247,87,56,1.5535714285714286,24,77,22,17.392857142857142,0.30557632985813865
5286552,4965,2325,2.1354838709677417,522,3381,412,20.97022011221407,0.3122003093894575
6266861,135,92,1.4673913043478262,59,154,51,14.934782608695652,0.24685569187557255
5879292,15303,6222,2.4594985535197686,1055,6915,710,20.936122284794852,0.2066557796740184
4657256,68846,9612,7.162505201831045,931,5216,589,24.058479532163744,0.2922382844474941
5197970,286468,6606,43.364819860732666,603,4582,472,18.042317609585925,0.2522041201422952
5010851,61,47,1.297872340425532,29,63,30,19.46808510638298,0.2741630346682228
6094596,6382,2381,2.6803863922721547,291,1941,229,19.48338241480858,0.2947343849801812
6275463,120,114,1.0526315789473684,29,204,22,13.584070796460177,0.32120090102156
6021209,5235,1458,3.590534979423868,333,2026,267,21.542524005486968,0.2724352451620526
5096345,903,659,1.370257966616085,91,579,95,16.11380880121396,0.24710269211786298
4272417,3008,1359,2.213392200147167,331,1990,290,18.005166051660517,0.32758625311946665
4981453,5521,1259,4.385226370135028,335,1437,265,20.777424483306838,0.4170863739547947
6165874,3310,1667,1.9856028794241152,302,1992,225,18.04501800720288,0.2548375693047135
4729553,6,6,1.0,6,9,6,14.833333333333334,0.22411444736644626
4558414,7002,3960,1.768181818181818,623,5292,548,17.437689969604865,0.27363719515981416
5348402,33,31,1.064516129032258,20,63,20,15.903225806451612,0.29554324845472973
6078742,311,283,1.098939929328622,89,405,80,19.699646643109542,0.19646382388146744
4181144,702,559,1.255813953488372,236,905,202,15.971171171171171,0.2652690771956544
4660682,795,390,2.0384615384615383,120,655,120,14.96401028277635,0.27516388766373856
6254553,15334,3047,5.0324909747292415,429,2845,318,19.04334975369458,0.2895674533989734
4299723,708,558,1.2688172043010753,182,962,146,19.53873873873874,0.27868312271180334
5155028,20,14,1.4285714285714286,5,24,5,16.285714285714285,0.3333279050886631
4137792,2713,2013,1.347739692001987,348,2553,310,14.716633466135459,0.24630923426225698
4271458,37643,11791,3.1925197184293106,2906,13307,1788,20.808843537414965,0.22110428455829587
5429489,119,100,1.19,46,152,49,20.05,0.23914612072105168
5728178,158073,5837,27.081206099023472,629,4624,480,18.00154241645244,0.26216880301316625
4632332,15,15,1.0,11,20,11,15.133333333333333,0.21594884395599365
4853141,27,20,1.35,12,55,12,27.45,0.2358164147094444
5991616,2357,1704,1.3832159624413145,334,2047,225,20.77027027027027,0.24542976256956237
6177656,3,3,1.0,2,7,2,28.333333333333332,0.2694249252478282
4693277,29,27,1.0740740740740742,20,48,20,13.555555555555555,0.24096796276240512
5229370,219,183,1.1967213114754098,94,324,89,22.305555555555557,0.29530310843429064
4713757,1252,1047,1.1957975167144221,277,1474,229,19.56923076923077,0.23903450546801067
4148289,788,681,1.15712187958884,213,1344,184,17.590308370044053,0.2355356395757535
4425504,946,519,1.8227360308285163,197,906,158,18.790697674418606,0.2334366597286396
5832399,344,241,1.4273858921161826,70,388,61,16.510373443983404,0.2722231180817106
5729379,21019,4831,4.3508590353963985,824,5360,583,21.296043090946757,0.2908265373023047
4889938,58,35,1.6571428571428573,12,70,12,22.885714285714286,0.2874357555190037
4436302,1978,1512,1.3082010582010581,458,2571,387,17.09814323607427,0.2594311370997416
4931854,6427,3097,2.075234097513723,572,3889,421,20.45775331822596,0.27678908689266113
5426776,623,482,1.2925311203319503,163,713,138,18.70954356846473,0.21992784397404516
6003381,1141,524,2.177480916030534,174,787,138,19.154580152671755,0.3088736719664882
5307034,681,537,1.2681564245810055,157,808,118,18.467411545623836,0.2562962536195433
5588730,15,14,1.0714285714285714,7,25,7,15.214285714285714,0.25207515954971316
6259105,157,131,1.1984732824427482,53,286,50,18.389312977099237,0.2722095339351399
5077223,18213,6571,2.7717242428854054,381,4371,304,21.131827891364054,0.2784125583410054
5678805,133,91,1.4615384615384615,41,150,43,16.63736263736264,0.24011430841751566
6211554,516,356,1.449438202247191,124,665,96,16.848314606741575,0.23502744151308208
4891810,20905,13139,1.591064769008296,1391,16802,728,21.01229946524064,0.23586797993004996
5575500,2607,1617,1.6122448979591837,366,2788,305,15.846249225046497,0.2616486146115124
4421681,308,229,1.3449781659388647,90,349,84,20.05240174672489,0.31331198193229637
5187685,1021,926,1.1025917926565876,224,1220,165,19.167748917748916,0.2401141656469645
5563203,61,44,1.3863636363636365,22,94,22,16.75,0.3073427244776585
6080683,152,123,1.2357723577235773,51,272,43,21.065040650406505,0.2826635723467916
5502918,41,27,1.5185185185185186,16,58,15,14.777777777777779,0.2852473706007004
6040079,63,61,1.0327868852459017,31,108,29,18.721311475409838,0.20639902932776344
5704859,321,183,1.7540983606557377,63,218,61,20.469945355191257,0.2660001142420501
5312293,1014,667,1.52023988005997,227,821,200,19.855639097744362,0.21990007441858275
6178711,566,283,2.0,138,369,133,18.858156028368793,0.3204129394933634
5220879,7,7,1.0,6,13,6,13.285714285714286,0.30112412784780773
5389975,10411,5643,1.8449406344143187,755,5106,468,21.890795352993745,0.24569309009604057
5626579,75697,11232,6.73940527065527,1381,8351,955,19.56933654790606,0.2631852980700153
6005499,36,36,1.0,15,21,14,21.27777777777778,0.16023874003440142
5590924,20,18,1.1111111111111112,13,18,13,15.333333333333334,0.27155001610517504
4326363,123,102,1.2058823529411764,75,195,75,16.92156862745098,0.24342588559398806
5909375,2,2,1.0,2,8,2,15.5,0.19794411212205887
4949385,29,27,1.0740740740740742,20,60,17,15.037037037037036,0.27570416495717803
5134655,2632,1043,2.523489932885906,201,1264,178,20.209971236816873,0.2364677033280263
4278409,237,186,1.2741935483870968,81,300,79,16.91304347826087,0.24083280025780957
5683322,2540,759,3.346508563899868,184,1084,168,17.239789196310934,0.27672125114985985
4318563,11,11,1.0,7,21,7,20.272727272727273,0.24726226790384812
4621552,569,500,1.138,242,837,207,16.1144578313253,0.21998558687095274
4433315,2560,1615,1.585139318885449,354,1890,272,19.68982630272953,0.22327692167236818
5168832,128,122,1.0491803278688525,70,215,67,19.34426229508197,0.2215594039298594
6330934,181,150,1.2066666666666668,57,164,58,19.476510067114095,0.20013269353966687
5763673,150,97,1.5463917525773196,41,95,40,15.8659793814433,0.3429789292315642
4902922,732,591,1.2385786802030456,218,1038,207,15.504230118443317,0.24782441663326787
5153860,400,352,1.1363636363636365,136,603,103,20.149425287356323,0.23974398189922794
5900062,6222,1622,3.8360049321824907,281,2618,200,18.59407772979642,0.2295668922491404
5754365,2370,1103,2.1486854034451497,246,1713,198,18.43970988213962,0.2671045288977995
5679584,524,210,2.4952380952380953,75,264,74,20.685714285714287,0.29617873232328257
5774493,2063,1406,1.4672830725462305,294,1681,228,22.844729344729345,0.22294633098938008
5853245,407,197,2.065989847715736,33,310,28,20.96954314720812,0.31355041505297515
5399051,2559,893,2.8656215005599104,246,1156,230,17.830146231721034,0.2942704656323321
4574466,105,101,1.0396039603960396,32,180,37,16.574257425742573,0.3033542644409906
4941175,190391,69436,2.7419638228008525,7297,73071,2473,21.926389591615468,0.20241038281753665
5842010,29887,11149,2.6806888510180285,1374,13991,692,21.866882241983294,0.30281615805858986
5420810,3227,2073,1.5566811384466956,447,3378,325,22.3096274794388,0.20693730247698477
6270798,13,7,1.8571428571428572,1,3,2,46.285714285714285,0.36263276693912655
5338560,1043,635,1.6425196850393702,231,1057,198,20.582938388625593,0.3423618687297131
4714397,1,1,1.0,1,1,1,23.0,0.14073023200035095
5305697,304,301,1.0099667774086378,104,502,95,20.78737541528239,0.24443145500692098
5345586,138114,60006,2.3016698330166983,6226,71151,2052,21.896445648176012,0.20585517653204805
4341631,1300,799,1.6270337922403004,310,1283,252,18.669182389937106,0.2461855979765264
4958648,78,64,1.21875,36,104,32,19.03174603174603,0.22706991584541705
5088153,67,64,1.046875,30,107,27,17.84375,0.252192992772629
4472253,1591,262,6.072519083969466,46,276,51,22.958015267175572,0.40420226716348057
5314729,239,214,1.1168224299065421,117,326,107,17.36150234741784,0.2750188024504165
4856136,1108,769,1.4408322496749024,295,1160,262,19.451822916666668,0.23722005176310854
5731642,362,230,1.5739130434782609,63,448,57,17.746724890829693,0.2505145404096796
5409650,1684,941,1.789585547290117,233,1268,230,18.739872068230277,0.31632040941870976
4886628,2,2,1.0,2,2,2,7.5,0.39627285301685333
5154125,1719,272,6.319852941176471,111,374,114,14.783088235294118,0.27504581131405126
4889959,7301,4514,1.6174124944616748,917,6381,641,18.19897732325478,0.2500457968521373
4840301,36,33,1.0909090909090908,18,53,15,14.545454545454545,0.20856044876078764
6202078,5,5,1.0,3,12,2,13.8,0.22572868168354035
4832616,426,365,1.167123287671233,137,708,117,16.26027397260274,0.215311259862053
4312754,3349,2098,1.5962821734985702,816,2958,627,19.55002393489708,0.25052722597038096
5613483,3478,1195,2.910460251046025,462,1302,397,16.41027801179444,0.2967534668396474
5156237,70,61,1.1475409836065573,25,99,29,13.37704918032787,0.26502348269735065
5037383,20993,8083,2.597179265124335,1100,6886,691,19.669889673980414,0.25076922187442674
6030805,19,12,1.5833333333333333,5,16,5,15.916666666666666,0.36403425273142365
4908267,3166,2113,1.4983435873166115,286,1945,230,21.47865275142315,0.20287996306571232
5309441,949,830,1.1433734939759037,198,1307,143,21.530266343825666,0.19892472616967022
4216128,79,53,1.490566037735849,21,104,24,17.0,0.3183610392144964
5092631,101,64,1.578125,42,96,42,19.0,0.24826829190744032
4969302,4015,1544,2.6003886010362693,577,1842,494,18.394411955815464,0.3039997816201825
5012312,84,84,1.0,39,146,31,17.085365853658537,0.21615627235067741
4427255,1541,1160,1.328448275862069,399,1847,328,15.860967184801382,0.2500614773743169
4219297,97,81,1.1975308641975309,33,134,37,16.839506172839506,0.2159104795800042
5943931,568,365,1.5561643835616439,99,582,98,17.49175824175824,0.23165265733087567
5997929,972,468,2.076923076923077,127,649,118,20.599571734475376,0.28847078914627616
6106183,86,77,1.1168831168831168,36,123,34,15.844155844155845,0.1862183625181747
6088171,1315,607,2.1663920922570017,92,562,75,25.927152317880793,0.24757957481053222
4798041,2067,748,2.763368983957219,224,811,195,17.227150537634408,0.32338615311341234
4425567,3046,1896,1.6065400843881856,484,2240,346,20.933932346723044,0.21953120531205886
4339051,477,231,2.064935064935065,97,379,91,16.38095238095238,0.2732003576803632
4748657,765,634,1.2066246056782335,177,710,143,24.160883280757098,0.22600927821610098
4758146,98,81,1.2098765432098766,48,156,44,15.160493827160494,0.2631308359417076
4164462,1403,1128,1.2437943262411348,357,1981,277,17.878895814781835,0.25649903666496426
5867193,46,44,1.0454545454545454,21,86,14,13.568181818181818,0.21377090591451395
5215503,1,1,1.0,1,3,1,13.0,0.2970993220806122
4869475,205,148,1.385135135135135,71,252,68,13.06081081081081,0.26039750441545395
4280751,2627,1911,1.3746729461015175,673,2771,471,21.291951604418728,0.2291284776276788
5361286,64,59,1.0847457627118644,27,81,26,16.661016949152543,0.24348960060160607
6106248,4,4,1.0,3,26,4,22.5,0.2656782940030098
5596095,18,11,1.6363636363636365,4,17,5,23.272727272727273,0.42827210161421037
5012445,6091,3439,1.7711544053503925,381,3185,276,19.432037415960245,0.27541507275383215
4194637,867,551,1.573502722323049,263,871,232,18.907272727272726,0.2568542960839993
4273547,678,522,1.2988505747126438,174,820,168,15.928982725527831,0.22653123636714884
4409344,2108,1033,2.040658276863504,471,1640,402,19.426770126091174,0.2923536308814879
6235910,148,64,2.3125,36,157,28,18.40625,0.30161532935862606
4933662,2269,1440,1.5756944444444445,307,1855,208,21.40880503144654,0.24642507317703777
5025712,111,75,1.48,44,86,46,16.533333333333335,0.27220769058745187
4658077,2698,794,3.397984886649874,165,1060,136,27.13274336283186,0.33222921894624374
4815577,22,19,1.1578947368421053,9,28,12,16.526315789473685,0.21944950250062076
5053776,24,24,1.0,13,57,13,21.083333333333332,0.2677348852157593
4512001,1061,529,2.0056710775047257,172,763,151,19.04933586337761,0.2803998242389555
5762075,866,304,2.848684210526316,87,481,78,19.82838283828383,0.271487439697604
6082021,6,5,1.2,3,11,5,15.4,0.3509417076905568
4765112,342,145,2.3586206896551722,68,189,62,17.895833333333332,0.36122477593782704
4463858,496,304,1.631578947368421,199,512,184,16.589403973509935,0.26028949024734055
4991650,1707,749,2.2790387182910545,136,829,96,20.859437751004016,0.28105631003000264
6202495,3239,1731,1.8711727325245522,298,1746,206,20.111754487550666,0.26337166587000116
5661569,2930,1797,1.6304952698942683,318,2168,228,22.298098434004473,0.20600604158397065
5590363,1111,761,1.459921156373193,177,1153,144,20.773981603153747,0.29526269983527065
5785900,11,11,1.0,8,25,8,15.181818181818182,0.23730586536905982
4679257,3191,1866,1.710075026795284,602,2293,499,20.445698924731182,0.2767794595856138
5503325,149,136,1.0955882352941178,62,183,64,17.272058823529413,0.2502730646789474
5232738,66,65,1.0153846153846153,31,94,29,22.16923076923077,0.24807412515987048
5366413,214,192,1.1145833333333333,101,385,89,14.046875,0.2273569577068926
6111714,239,199,1.2010050251256281,23,299,25,18.939698492462313,0.31678259715624935
4451379,199,126,1.5793650793650793,56,128,58,18.746031746031747,0.22316991304744727
4193417,250,200,1.25,131,344,120,18.305,0.2673725147545338
4894066,1472,872,1.688073394495413,327,1242,272,20.983926521239955,0.3282130621310384
4747027,2247,1102,2.0390199637023594,379,1462,328,20.810172570390556,0.2373114639613819
5179398,1218,988,1.2327935222672064,237,1237,189,21.74074074074074,0.22628609609693803
5025184,1147,716,1.6019553072625698,245,1172,220,16.214285714285715,0.2474434541801434
4722884,371,292,1.2705479452054795,39,463,42,15.633561643835616,0.41420299762664137
4820874,1,1,1.0,1,4,1,7.0,0.4551699459552765
5478120,1458,1205,1.2099585062240663,277,1755,207,21.924355777223607,0.22929927177819204
4699613,6411,3465,1.8502164502164502,469,3281,372,20.610918544194107,0.20748725651696212
5623512,10256,4324,2.371877890841813,624,4894,399,20.96113567605306,0.35182492585212605
4360737,19481,8950,2.1766480446927376,1495,9615,981,22.049349484073577,0.19413133920712167
5017269,306,174,1.7586206896551724,108,320,105,20.057471264367816,0.32192639792277145
4925339,291,175,1.6628571428571428,87,218,91,17.405714285714286,0.22759424075100226
5933903,8,8,1.0,3,8,3,14.0,0.2346226330846548
6289482,294,290,1.013793103448276,65,360,53,19.6,0.18759480602469067
5461197,24840,11301,2.198035572073268,1208,11747,778,19.373668323863637,0.23573167886849
4714873,8318,3040,2.7361842105263157,660,3672,420,22.093399339933992,0.32942460524864714
5310293,1298,271,4.789667896678967,56,314,50,19.84870848708487,0.24907144555428823
5325404,1513,1464,1.0334699453551912,251,1197,176,23.422176308539946,0.16405054977100886
5464124,496,341,1.4545454545454546,120,551,113,18.70967741935484,0.2682338660703071
6247465,101,71,1.4225352112676057,35,112,31,17.225352112676056,0.28823032045718466
5374049,324,274,1.1824817518248176,66,484,51,14.178832116788321,0.2483048913770436
5964267,56,44,1.2727272727272727,16,72,20,11.090909090909092,0.29306459426879883
6231068,257,151,1.7019867549668874,43,270,42,15.56953642384106,0.2567487327157291
5772908,2,2,1.0,2,2,2,6.5,0.20383098721504211
5544444,44,23,1.9130434782608696,15,28,14,15.173913043478262,0.26901554028418934
6203247,203,100,2.03,56,151,35,18.484848484848484,0.33186707381397634
6096879,15,14,1.0714285714285714,5,31,6,13.571428571428571,0.2985009551048279
4457251,1414,810,1.745679012345679,332,1399,290,18.476309226932667,0.29360264882081766
5605515,240,202,1.188118811881188,68,350,66,15.712871287128714,0.2722745446333041
5979574,725,342,2.1198830409356724,79,378,70,25.42982456140351,0.2710854580587354
5039463,1135,831,1.3658243080625752,278,1078,239,17.03369434416366,0.23924317639731363
4557966,304,207,1.4685990338164252,100,297,79,18.884057971014492,0.2952992815377289
6057662,728,512,1.421875,139,852,115,16.47945205479452,0.2030285667764934
6026862,177,153,1.1568627450980393,78,261,76,17.26797385620915,0.21288266036091213
4529929,5626,3046,1.8470124753775443,774,4179,590,20.808552631578948,0.22220097337753392
4309648,25,20,1.25,11,43,11,13.1,0.29191706657409666
6051543,91,87,1.0459770114942528,17,167,14,21.74712643678161,0.363629444205499
4559401,16,16,1.0,13,48,9,25.0625,0.2771467240527272
5919310,73,66,1.106060606060606,38,139,33,16.015151515151516,0.19065966378029894
6308084,5523,3693,1.49553208773355,618,4584,422,20.96228974498101,0.21930925870456225
5401058,864,520,1.6615384615384616,189,760,172,21.128846153846155,0.3040169829349637
4724606,13,12,1.0833333333333333,7,24,7,16.666666666666668,0.2508651442252673
4780650,4314,2837,1.5206203736341206,742,4330,627,17.37937124690922,0.2604858259934678
5832796,23,20,1.15,12,25,10,16.3,0.24848896005879278
4920621,22,22,1.0,15,50,11,19.318181818181817,0.18785210021517493
5264590,113,89,1.2696629213483146,28,158,29,21.0561797752809,0.3115127128837383
4888261,77,26,2.9615384615384617,2,46,1,10.615384615384615,0.36709785345312834
4169862,519,187,2.7754010695187166,71,321,53,19.342245989304814,0.39554816561971784
5016036,167,158,1.0569620253164558,59,280,55,22.254777070063696,0.2826978016399338
4220109,78,70,1.1142857142857143,34,96,34,18.257142857142856,0.2766735246166205
6204951,1167,629,1.8553259141494436,184,1014,154,17.80127186009539,0.29661513758363206
4614732,1024,822,1.245742092457421,182,969,148,23.12269938650307,0.24261706705510733
5114049,1172,693,1.6911976911976911,261,1064,238,17.595959595959595,0.2418332511571843
5957818,116,38,3.0526315789473686,18,53,18,19.31578947368421,0.21081988513469696
4598932,147,137,1.072992700729927,68,194,59,17.0,0.2342232180138429
5320552,9006,4903,1.836834591066694,912,6136,594,18.562602291325696,0.2360226171522472
4433890,1998,1184,1.6875,279,1052,272,17.342105263157894,0.2024431535498695
5788894,244,215,1.1348837209302325,40,326,31,21.4,0.2661567196616384
5401146,1036,723,1.4329183955739973,305,1398,251,18.784122562674096,0.24575274503649605
4955990,673,492,1.3678861788617886,183,786,183,18.01829268292683,0.25677459895262084
4493394,40,37,1.0810810810810811,27,44,27,15.864864864864865,0.26469004787504674
6057069,7,7,1.0,5,24,5,12.285714285714286,0.17478611320257187
5935199,570,464,1.228448275862069,107,500,90,20.37878787878788,0.21235059005649468
6253218,6871,3870,1.775452196382429,615,6078,386,21.21245799948307,0.2621788584230474
5677517,11,11,1.0,9,20,10,15.636363636363637,0.21955455975099045
5303336,52828,26937,1.9611686527824181,2747,32141,1240,20.883557046979867,0.21257358943778534
5313808,142,111,1.2792792792792793,36,167,42,20.6,0.31216625412794907
4632283,25,22,1.1363636363636365,17,49,16,13.5,0.2575789664685726
6171111,1,1,1.0,1,2,1,16.0,0.22015336155891416
6163285,60,58,1.0344827586206897,32,104,28,18.396551724137932,0.2594149307658275
5431133,1550,716,2.164804469273743,148,895,145,16.273492286115008,0.26136201685955446
5463127,12,12,1.0,7,30,7,14.272727272727273,0.3156088838974635
5152546,125,63,1.9841269841269842,26,100,27,20.174603174603174,0.30270100486278534
4399806,2,2,1.0,2,6,2,13.0,0.3454502522945404
6218858,1836,1436,1.2785515320334262,253,2077,190,18.59552134359692,0.23865105740245116
5961382,9,7,1.2857142857142858,7,19,7,26.714285714285715,0.27846872475412154
4253803,386,304,1.269736842105263,113,394,108,15.542763157894736,0.2371167337685978
4500074,603,383,1.5744125326370757,190,631,180,17.879895561357703,0.22697780734919643
4766377,615,551,1.116152450090744,151,749,136,21.19272727272727,0.25546926189426
5070072,1520,823,1.8469015795868773,204,1065,178,19.61557177615572,0.22997650335064942
5707289,10237,4848,2.111592409240924,899,6066,562,21.924317617866006,0.2445171048146102
5288010,24,22,1.0909090909090908,12,32,12,12.681818181818182,0.252546193699042
5508048,186,163,1.1411042944785277,49,234,46,26.312883435582823,0.289241565331336
5234596,61,43,1.4186046511627908,37,91,38,27.46511627906977,0.3384077595394166
5404388,31917,13119,2.4328836039332264,1713,15858,823,22.211984041736997,0.24666531332753755
4426521,668,406,1.645320197044335,105,630,91,22.419753086419753,0.348745498862006
5172347,7530,2357,3.1947390750954603,380,2573,303,20.93412664683383,0.2747038915649403
4527607,69,34,2.0294117647058822,22,43,23,14.941176470588236,0.31142677345137665
4947408,2323,1812,1.282008830022075,384,2128,264,21.339612188365653,0.23294716977662264
5567195,479,345,1.3884057971014492,123,507,110,17.392441860465116,0.23763274861060255
4912139,649,452,1.4358407079646018,177,831,145,20.015521064301552,0.2696700584952747
5321559,18309,7558,2.422466260915586,790,7875,521,20.542330148619957,0.2516330148457107
6152931,3489,1707,2.0439367311072054,266,1683,208,18.797305213825425,0.286939785596625
6273550,163,113,1.4424778761061947,26,213,21,12.876106194690266,0.2785995048613636
4303208,1050,765,1.3725490196078431,247,961,227,17.532194480946124,0.25478305072479307
4342828,34646,13325,2.600075046904315,2341,13852,1280,19.52462961570279,0.2734238472120172
5163667,4,4,1.0,3,5,2,9.75,0.2250593788921833
5091195,217,179,1.2122905027932962,92,308,85,19.497206703910614,0.2893047374480056
5524450,89,58,1.5344827586206897,35,86,36,18.25862068965517,0.24713904515243648
5205095,242,189,1.2804232804232805,110,368,94,16.680851063829788,0.24273675575482945
5497580,31,26,1.1923076923076923,21,48,20,16.46153846153846,0.3347611360011562
5211807,4206,2663,1.5794217048441608,386,3946,267,19.817325800376647,0.28015659790870495
4591877,28,28,1.0,14,38,15,18.607142857142858,0.2619428344603096
4826003,8303,3765,2.20531208499336,1238,5160,846,19.493336886993603,0.2376176920396287
4280311,306,171,1.7894736842105263,77,211,77,17.775147928994084,0.3023776231345788
5683533,3032,1382,2.193921852387844,270,1750,230,20.50725689404935,0.3358890671813787
5524436,374,297,1.2592592592592593,77,545,74,15.932659932659933,0.25578328123425736
5345544,4393,3806,1.154230162900683,740,5656,409,23.230870712401057,0.19290415488211907
5391692,402,274,1.467153284671533,51,480,51,22.801470588235293,0.3344224111468934
4436240,178,171,1.04093567251462,75,359,69,17.46783625730994,0.2340510060717718
5766427,1,1,1.0,1,4,1,2.0,0.19685712456703186
5050724,257,128,2.0078125,50,190,47,16.9765625,0.2846093956772455
4256320,3542,1366,2.5929721815519766,644,1731,543,16.664710198092443,0.2386443550269346
4752988,61,58,1.0517241379310345,39,104,39,18.017241379310345,0.28995380330769743
4216298,3147,2015,1.561786600496278,475,3075,332,22.585365853658537,0.29082748783516676
6262204,8,6,1.3333333333333333,2,6,3,19.833333333333332,0.3531106859445572
4318361,1151,883,1.303510758776897,432,1202,375,20.636363636363637,0.2604705074656269
4783963,1055,549,1.9216757741347905,170,601,151,20.686131386861312,0.2859059717541481
5918926,202,177,1.1412429378531073,54,359,50,14.548022598870057,0.26784672005341786
5814934,46,44,1.0454545454545454,18,83,19,18.59090909090909,0.23334179024981416
4257178,76,66,1.1515151515151516,42,75,42,16.454545454545453,0.3175517196129811
5808571,2827,1683,1.6797385620915033,295,2147,207,20.379248658318424,0.21276396647213003
5816313,1248,725,1.7213793103448276,227,1044,205,17.118620689655174,0.24578196134415264
4759877,183,145,1.2620689655172415,65,236,63,18.28472222222222,0.3658577711346859
6143022,10334,4116,2.510689990281827,594,4072,429,19.020686298369434,0.2915703217811022
5007523,821,357,2.299719887955182,156,559,144,17.50420168067227,0.24307906727480105
4332261,732,521,1.4049904030710172,148,765,150,16.31153846153846,0.2750471307147966
6225475,9,7,1.2857142857142858,3,8,3,19.285714285714285,0.21264422809084257
4317607,2719,1471,1.8484024473147518,478,2187,424,18.78391274710293,0.24807582723347416
5397193,65,51,1.2745098039215685,30,79,30,19.666666666666668,0.29459586854164416
5531516,53,53,1.0,36,101,36,17.150943396226417,0.22605877949522352
5561431,5937,4384,1.354242700729927,939,5469,582,22.367697594501717,0.19143959013842496
5083643,515,274,1.8795620437956204,116,458,103,17.39051094890511,0.2531007677208162
4463988,38546,2729,14.124587761084646,589,3194,410,23.741840850751743,0.4051953778372926
4178338,25,22,1.1363636363636365,16,35,15,14.904761904761905,0.2507975369691849
5522291,654,173,3.7803468208092488,91,213,83,17.319767441860463,0.25398168305578767
5400586,11595,4598,2.5217485863418876,688,4934,541,18.911444734551782,0.21824704747293994
6084741,2125,577,3.682842287694974,31,703,28,18.334488734835354,0.27867216908405806
5719844,165,130,1.2692307692307692,56,233,37,12.423076923076923,0.27851670141698737
5637283,1199,765,1.5673202614379085,243,1149,206,21.905882352941177,0.28203799329764884
4653214,309,197,1.5685279187817258,94,263,95,19.715736040609137,0.23493888636623
4503083,1769,1020,1.7343137254901961,319,1766,273,20.808678500986193,0.35281854937165774
4720789,82858,22138,3.7427951937844433,3642,24221,1881,21.485996555787185,0.20527206278366605
5869566,143,115,1.2434782608695651,60,167,61,16.391304347826086,0.30792490267878647
4951690,42756,7283,5.870657696004394,875,5633,660,19.017807840971837,0.2232287274157792
5903846,450,391,1.1508951406649617,89,467,82,20.43989769820972,0.1544945232032074
5615333,7139,5471,1.3048802778285506,794,8977,449,20.64383812488555,0.20824173423723868
6101000,2301,1276,1.8032915360501567,308,1920,215,21.594827586206897,0.27595964259670797
5985402,54,51,1.0588235294117647,19,94,17,17.34,0.306655322925912
4366831,10329,3065,3.369983686786297,446,3179,391,21.441359032995752,0.23378663417587686
4679705,361,251,1.4382470119521913,84,344,85,18.136,0.24113279911289584
4537969,70,41,1.7073170731707317,19,106,18,15.951219512195122,0.24331150235874313
4168087,102,95,1.0736842105263158,47,192,50,15.25263157894737,0.26381449593121514
4261175,8,8,1.0,6,14,7,11.375,0.26574751175940037
6180132,114,92,1.2391304347826086,37,132,36,21.27173913043478,0.28284523655709465
4348658,3632,2515,1.4441351888667993,470,3223,327,19.368862275449104,0.23899327034883547
6033562,55,34,1.6176470588235294,14,59,14,21.147058823529413,0.3438991258767518
6056600,113,103,1.0970873786407767,42,172,37,12.466019417475728,0.2576989310142477
5915383,7920,2236,3.5420393559928445,299,2058,245,18.134735899731425,0.21038564724720896
5177494,8262,5876,1.4060585432266848,1230,6630,854,22.400409626216078,0.20991638150608827
4193704,659,462,1.4264069264069263,168,636,122,24.231441048034934,0.26605260755996785
4796295,3784,1095,3.455707762557078,268,1090,199,23.83058608058608,0.24166148396500858
6065746,175,147,1.1904761904761905,51,318,42,13.782312925170068,0.2535975628239768
5697559,419,246,1.7032520325203253,81,424,81,16.66260162601626,0.3023312750643648
5099320,7789,4875,1.5977435897435897,959,5710,653,19.753187988482107,0.18869382684328703
4992548,245,173,1.416184971098266,61,352,42,17.15028901734104,0.35909563996353927
4606916,2020,457,4.420131291028446,140,578,123,19.74835886214442,0.3829383623790881
4552485,253,145,1.7448275862068965,71,232,59,19.979310344827585,0.23197541064159435
6061306,19268,7494,2.571123565519082,1181,9330,690,21.640021387515038,0.23067223330588
5228752,3,3,1.0,3,4,3,20.333333333333332,0.2895965774854024
4403613,493,262,1.881679389312977,114,338,114,22.896946564885496,0.2998917124500502
5170554,733,631,1.161648177496038,229,1182,195,18.66190476190476,0.19007184217832626
4555604,5,5,1.0,3,9,2,13.0,0.19102119505405427
4959815,617,448,1.3772321428571428,84,364,66,22.179372197309416,0.2469234511352822
6200595,470,401,1.172069825436409,143,665,122,19.663341645885286,0.2535630073517244
5882304,39541,9867,4.007398398702747,1353,10277,883,20.05547652916074,0.25317182914537445
4214830,468,394,1.1878172588832487,124,614,108,15.685279187817258,0.24587540509195155
4383665,354,303,1.1683168316831682,116,434,106,17.86798679867987,0.22648418924145106
5260035,3509,2453,1.4304932735426008,554,3720,458,18.896890343698853,0.27190712678181705
4196374,4003,1708,2.3436768149882905,445,2001,360,21.047535211267604,0.18457766721323374
4557243,618,140,4.414285714285715,69,144,63,20.09285714285714,0.29285545726713624
5488008,1110,938,1.183368869936034,171,1381,139,19.454642475987193,0.25988460194598295
4155041,2354,2026,1.1618953603158935,526,2732,357,20.58906171600602,0.24816770829219204
5667436,139,50,2.78,24,65,23,14.1,0.4122400974198211
5663934,19,15,1.2666666666666666,8,21,11,11.866666666666667,0.3017954536174473
4525786,2631,1951,1.3485392106611993,330,2251,276,20.67677286742035,0.23429793700560253
5387322,80,63,1.2698412698412698,33,109,31,21.666666666666668,0.36168327983468773
6003739,120,98,1.2244897959183674,38,164,39,20.581632653061224,0.2310078131655852
5846219,4012,1953,2.0542754736303124,390,2348,314,19.13764766307139,0.2542290283295987
4975985,401,285,1.407017543859649,125,341,132,18.89788732394366,0.2686150900257793
4501273,10352,3988,2.595787362086259,836,4525,588,19.913962264150943,0.24430032404558458
4302189,2810,1701,1.6519694297472076,447,1893,393,18.949704142011836,0.2510615487947556
5282815,2,2,1.0,2,2,2,11.5,0.1987382099032402
6043828,781,707,1.1046676096181047,165,980,126,20.643776824034333,0.22591048660097826
5205320,1,1,1.0,1,3,1,10.0,0.07043816149234773
5779672,16831,5458,3.083730304140711,788,4969,560,19.110498253355395,0.28015558006865676
6190656,8,8,1.0,2,3,2,16.625,0.3139628693461418
6139551,23897,5747,4.158169479728554,690,4637,551,18.985512305812534,0.29050425065733926
5789270,597,386,1.5466321243523315,83,483,70,20.564766839378237,0.24051992726704133
6175435,229,204,1.1225490196078431,87,319,78,19.330049261083744,0.27375017897140513
4963949,19810,7062,2.805154347210422,859,7431,564,19.374946800964675,0.24878987055834675
4571299,49,49,1.0,15,85,16,16.729166666666668,0.18575980689148514
5373918,58,55,1.0545454545454545,30,69,30,13.685185185185185,0.2738146634515503
5407091,214,132,1.621212121212121,89,233,88,15.757575757575758,0.26792311772843386
5722549,118,104,1.1346153846153846,28,155,30,17.875,0.22745312688777508
4468571,17924,6530,2.7448698315467075,1465,8394,990,20.4880147510756,0.33274768733049215
4408385,7601,4996,1.5214171337069655,535,5623,382,17.97129666800482,0.26245498826386404
5034640,853,605,1.4099173553719009,224,1057,214,16.776859504132233,0.22483388645463084
5421703,636,378,1.6825396825396826,49,583,53,16.46031746031746,0.2504440952420422
5677787,1,1,1.0,1,3,1,13.0,0.7548846006393433
4987968,3165,1212,2.6113861386138613,414,1792,361,16.323675496688743,0.2506224881827021
4275148,88,47,1.872340425531915,11,80,13,32.08510638297872,0.38585631659423764
5249361,3939,881,4.47105561861521,178,1044,166,16.577272727272728,0.27524742028267174
5773207,5,5,1.0,5,20,5,11.4,0.27221676111221316
5326271,705,541,1.3031423290203328,157,723,127,15.731977818853974,0.20698177136005239
6101760,18,12,1.5,7,18,7,18.333333333333332,0.31904224182168645
5374525,1053,352,2.991477272727273,83,481,71,22.548850574712645,0.2949303812864754
4284396,4401,2015,2.184119106699752,420,2584,362,20.867962132536125,0.37129096025730113
4837068,1035,681,1.5198237885462555,200,964,186,19.76991150442478,0.2537656109150193
4282520,2975,1317,2.258921791951405,474,1907,363,19.455445544554454,0.24358744415665876
4989252,1428,1247,1.1451483560545308,415,2023,343,20.406902086677366,0.1873845044567174
5151599,4089,2397,1.7058823529411764,468,2582,332,23.802846379238176,0.23668013808022229
