inventor_id,patent_id,patent_date,num_citations,team_size,count_cumulative_inv,count_cumulative_assignee,new_inventor,new_assignee
fl:a_ln:tsukamoto-1,5061620,688716000.0,308.0,4,4,1,4,1
fl:a_ln:tsukamoto-1,5643741,867733200.0,110.0,4,4,1,0,0
fl:a_ln:tsukamoto-1,5716827,887090400.0,88.0,4,4,1,0,0
fl:a_ln:tsukamoto-1,5750397,894949200.0,141.0,4,4,1,0,0
fl:a_ln:tsukamoto-1,5763197,897368400.0,53.0,4,4,1,0,0
fl:a_ln:tsukamoto-1,5914108,930027600.0,92.0,4,4,1,0,0
fl:a_ln:tsukamoto-1,5928638,933051600.0,29.0,3,5,1,1,0
fl:c_ln:baum-5,5061620,688716000.0,308.0,4,4,1,4,1
fl:c_ln:baum-5,5643741,867733200.0,110.0,4,4,1,0,0
fl:c_ln:baum-5,5716827,887090400.0,88.0,4,4,1,0,0
fl:c_ln:baum-5,5750397,894949200.0,141.0,4,4,1,0,0
fl:c_ln:baum-5,5763197,897368400.0,53.0,4,4,1,0,0
fl:c_ln:baum-5,5914108,930027600.0,92.0,4,4,1,0,0
fl:c_ln:baum-5,6066318,959058000.0,10.0,12,15,2,11,1
fl:c_ln:baum-5,6254870,994136400.0,7.0,6,18,2,3,0
fl:c_ln:baum-5,6730303,1083646800.0,0.0,12,18,3,0,1
fl:g_ln:horn-7,4683195,554446800.0,3789.0,6,6,1,6,1
fl:g_ln:horn-7,4800159,601624800.0,1252.0,6,6,1,0,0
fl:g_ln:horn-7,4965188,656658000.0,1500.0,5,7,1,1,0
fl:g_ln:horn-7,5310893,768546000.0,69.0,4,9,2,2,1
fl:g_ln:horn-7,5468613,816933600.0,92.0,4,9,2,0,0
fl:g_ln:horn-7,5538868,838098000.0,9.0,2,10,3,1,1
fl:g_ln:horn-7,5541065,838702800.0,18.0,4,10,3,0,0
fl:g_ln:horn-7,5604099,856245600.0,86.0,4,10,3,0,0
fl:g_ln:horn-7,5665548,873781200.0,6.0,2,10,4,0,1
fl:g_ln:horn-7,5858734,916120800.0,1.0,2,10,5,0,1
fl:g_ln:horn-7,6040166,953618400.0,76.0,5,10,5,0,0
fl:g_ln:horn-7,6194561,983253600.0,2.0,2,10,5,0,0
fl:g_ln:horn-7,6197563,983858400.0,71.0,5,10,5,0,0
fl:g_ln:horn-7,6514736,1044338400.0,27.0,5,10,5,0,0
fl:g_ln:matthews-15,3931476,189756000.0,22.0,1,1,1,1,1
fl:g_ln:matthews-15,3934095,190965600.0,56.0,2,2,1,1,0
fl:g_ln:matthews-15,3937938,192780000.0,67.0,1,2,1,0,0
fl:g_ln:matthews-15,4371752,412927200.0,243.0,3,4,2,2,1
fl:g_ln:matthews-15,4499601,477036000.0,118.0,1,4,3,0,1
fl:g_ln:matthews-15,4580012,512719200.0,125.0,3,4,4,0,1
fl:g_ln:matthews-15,4581486,513324000.0,56.0,3,4,4,0,0
fl:g_ln:matthews-15,4585906,515134800.0,127.0,3,4,4,0,0
fl:g_ln:matthews-15,4602129,522392400.0,225.0,3,4,4,0,0
fl:g_ln:matthews-15,4640991,539330400.0,81.0,3,4,4,0,0
fl:g_ln:matthews-15,4652700,543564000.0,124.0,3,4,4,0,0
fl:g_ln:matthews-15,4682370,553842000.0,154.0,1,4,4,0,0
fl:g_ln:matthews-15,4757525,584686800.0,215.0,3,4,4,0,0
fl:g_ln:matthews-15,4761807,586501200.0,108.0,3,4,4,0,0
fl:g_ln:matthews-15,5086390,697183200.0,115.0,1,4,4,0,0
fl:g_ln:matthews-15,5097416,700812000.0,61.0,1,4,4,0,0
fl:g_ln:matthews-15,5305201,766731600.0,47.0,1,4,4,0,0
fl:g_ln:matthews-15,5793859,902811600.0,73.0,1,4,5,0,1
fl:g_ln:matthews-15,5809111,905835600.0,47.0,1,4,5,0,0
fl:g_ln:matthews-15,6349133,1014098400.0,0.0,6,9,6,5,1
fl:g_ln:matthews-15,6621515,1063688400.0,14.0,2,10,7,1,1
fl:g_ln:matthews-15,7076684,1152594000.0,1.0,2,10,8,0,1
fl:g_ln:matthews-15,7305576,1196748000.0,0.0,2,10,8,0,0
fl:h_ln:boyer-1,4237224,344584800.0,316.0,2,2,1,2,1
fl:h_ln:boyer-1,4468464,462517200.0,109.0,2,2,1,0,0
fl:h_ln:boyer-1,4740470,578034000.0,13.0,2,2,1,0,0
fl:h_ln:erlich-1,4582788,513928800.0,184.0,1,1,1,1,1
fl:h_ln:erlich-1,4683194,554446800.0,312.0,2,2,1,1,0
fl:h_ln:erlich-1,4683195,554446800.0,3789.0,6,6,1,4,0
fl:h_ln:erlich-1,4800159,601624800.0,1252.0,6,6,1,0,0
fl:h_ln:erlich-1,4965188,656658000.0,1500.0,5,7,1,1,0
fl:h_ln:erlich-1,5066584,690530400.0,138.0,2,8,1,1,0
fl:h_ln:erlich-1,5110920,705042000.0,20.0,1,8,1,0,0
fl:h_ln:erlich-1,5310893,768546000.0,69.0,4,10,2,2,1
fl:h_ln:erlich-1,5314809,769755600.0,173.0,2,11,3,1,1
fl:h_ln:erlich-1,5386022,791532000.0,13.0,5,14,3,3,0
fl:h_ln:erlich-1,5451512,811486800.0,24.0,3,15,3,1,0
fl:h_ln:erlich-1,5468613,816933600.0,92.0,4,15,3,0,0
fl:h_ln:erlich-1,5541065,838702800.0,18.0,4,15,3,0,0
fl:h_ln:erlich-1,5567809,845960400.0,23.0,4,16,3,1,0
fl:h_ln:erlich-1,5604099,856245600.0,86.0,4,16,3,0,0
fl:h_ln:erlich-1,5665548,873781200.0,6.0,2,16,4,0,1
fl:h_ln:erlich-1,6040166,953618400.0,76.0,5,16,4,0,0
fl:h_ln:erlich-1,6194561,983253600.0,2.0,2,16,4,0,0
fl:h_ln:erlich-1,6197563,983858400.0,71.0,5,16,4,0,0
fl:h_ln:erlich-1,6514736,1044338400.0,27.0,5,16,4,0,0
fl:h_ln:erlich-1,6656691,1070344800.0,0.0,8,22,4,6,0
fl:h_ln:erlich-1,7205106,1176786000.0,5.0,5,24,4,2,0
fl:h_ln:erlich-1,9005894,1428987600.0,0.0,5,28,6,4,2
fl:h_ln:erlich-1,9752189,1504587600.0,0.0,9,36,7,8,1
fl:h_ln:erlich-1,9914970,1520917200.0,0.0,5,36,7,0,0
fl:i_ln:weissman-1,4786590,596181600.0,4.0,2,2,2,2,2
fl:i_ln:weissman-1,4886743,629445600.0,58.0,3,3,2,1,0
fl:i_ln:weissman-1,4973555,659685600.0,6.0,2,4,2,1,0
fl:i_ln:weissman-1,5061620,688716000.0,308.0,4,7,3,3,1
fl:i_ln:weissman-1,5087570,697788000.0,92.0,4,10,4,3,1
fl:i_ln:weissman-1,5213977,738306000.0,0.0,2,10,4,0,0
fl:i_ln:weissman-1,5362629,784274400.0,5.0,4,13,5,3,1
fl:i_ln:weissman-1,5447852,810277200.0,8.0,2,13,5,0,0
fl:i_ln:weissman-1,5614397,859269600.0,1.0,2,14,5,1,0
fl:i_ln:weissman-1,5643741,867733200.0,110.0,4,14,5,0,0
fl:i_ln:weissman-1,5716827,887090400.0,88.0,4,14,5,0,0
fl:i_ln:weissman-1,5750397,894949200.0,141.0,4,14,5,0,0
fl:i_ln:weissman-1,5763197,897368400.0,53.0,4,14,5,0,0
fl:i_ln:weissman-1,5821108,908254800.0,44.0,2,15,5,1,0
fl:i_ln:weissman-1,5914108,930027600.0,92.0,4,15,5,0,0
fl:i_ln:weissman-1,5928638,933051600.0,29.0,3,16,5,1,0
fl:i_ln:weissman-1,6465249,1034658000.0,12.0,3,18,5,2,0
fl:i_ln:weissman-1,6465247,1034658000.0,42.0,3,19,5,1,0
fl:i_ln:weissman-1,6468794,1035262800.0,18.0,3,20,6,1,1
fl:i_ln:weissman-1,6761883,1089694800.0,22.0,5,22,6,2,0
fl:i_ln:weissman-1,6908763,1119330000.0,9.0,3,23,6,1,0
fl:i_ln:weissman-1,6991939,1138687200.0,40.0,4,26,7,3,1
fl:i_ln:weissman-1,7037719,1146546000.0,3.0,3,26,8,0,1
fl:i_ln:weissman-1,7105150,1158037200.0,2.0,3,26,8,0,0
fl:i_ln:weissman-1,7153686,1167112800.0,3.0,3,26,8,0,0
fl:i_ln:weissman-1,7217568,1179205200.0,35.0,4,28,8,2,0
fl:i_ln:weissman-1,7217565,1179205200.0,4.0,3,28,8,0,0
fl:i_ln:weissman-1,7297329,1195538400.0,0.0,3,28,8,0,0
fl:i_ln:weissman-1,7300760,1196143200.0,3.0,5,28,8,0,0
fl:i_ln:weissman-1,7494807,1235455200.0,0.0,3,29,8,1,0
fl:i_ln:weissman-1,7514229,1239080400.0,15.0,2,29,8,0,0
fl:i_ln:weissman-1,7592174,1253595600.0,7.0,4,31,8,2,0
fl:i_ln:weissman-1,7618654,1258437600.0,5.0,5,31,8,0,0
fl:i_ln:weissman-1,7622255,1259042400.0,2.0,4,31,8,0,0
fl:i_ln:weissman-1,7641897,1262671200.0,10.0,3,33,8,2,0
fl:i_ln:weissman-1,7749754,1278392400.0,0.0,3,35,8,2,0
fl:i_ln:weissman-1,7767410,1280811600.0,2.0,2,36,8,1,0
fl:i_ln:weissman-1,7781179,1282626000.0,3.0,2,37,8,1,0
fl:i_ln:weissman-1,7803783,1285650000.0,18.0,4,39,8,2,0
fl:i_ln:weissman-1,7816088,1287464400.0,2.0,3,39,8,0,0
fl:i_ln:weissman-1,8153388,1334034000.0,2.0,3,39,8,0,0
fl:i_ln:weissman-1,8232071,1343710800.0,1.0,2,39,8,0,0
fl:i_ln:weissman-1,8361736,1359439200.0,19.0,2,40,8,1,0
fl:i_ln:weissman-1,8562997,1382418000.0,20.0,4,42,8,2,0
fl:i_ln:weissman-1,8709429,1398747600.0,6.0,2,42,8,0,0
fl:i_ln:weissman-1,8758750,1403586000.0,15.0,4,43,8,1,0
fl:i_ln:weissman-1,8765390,1404190800.0,0.0,3,44,8,1,0
fl:i_ln:weissman-1,9017675,1430197200.0,10.0,3,45,9,1,1
fl:i_ln:weissman-1,9045734,1433221200.0,0.0,2,46,9,1,0
fl:i_ln:weissman-1,9151760,1444107600.0,4.0,2,47,9,1,0
fl:i_ln:weissman-1,9175079,1446530400.0,0.0,3,49,9,2,0
fl:i_ln:weissman-1,9193955,1448344800.0,1.0,2,49,9,0,0
fl:i_ln:weissman-1,9382320,1467694800.0,6.0,3,49,9,0,0
fl:i_ln:weissman-1,9399682,1469509200.0,5.0,4,49,9,0,0
fl:i_ln:weissman-1,9493575,1479189600.0,4.0,4,49,9,0,0
fl:i_ln:weissman-1,9546206,1484632800.0,1.0,7,55,9,6,0
fl:i_ln:weissman-1,9562087,1486447200.0,1.0,7,55,9,0,0
fl:i_ln:weissman-1,9605076,1490677200.0,0.0,4,55,9,0,0
fl:i_ln:weissman-1,9611329,1491282000.0,0.0,4,55,9,0,0
fl:i_ln:weissman-1,9623079,1492491600.0,0.0,8,60,9,5,0
fl:i_ln:weissman-1,9624305,1492491600.0,0.0,4,60,9,0,0
fl:i_ln:weissman-1,9765143,1505797200.0,0.0,4,60,9,0,0
fl:i_ln:weissman-1,9771428,1506402000.0,0.0,5,64,11,4,2
fl:i_ln:weissman-1,9796781,1508821200.0,1.0,2,64,11,0,0
fl:i_ln:weissman-1,9945870,1523941200.0,0.0,2,64,11,0,0
fl:i_ln:weissman-1,9944911,1523941200.0,2.0,5,66,11,2,0
fl:i_ln:weissman-1,9957576,1525150800.0,0.0,3,68,11,2,0
fl:i_ln:weissman-1,10064925,1536037200.0,0.0,5,69,11,1,0
fl:i_ln:weissman-1,10072091,1536642000.0,0.0,4,72,11,3,0
fl:i_ln:weissman-1,10081680,1537851600.0,0.0,5,73,11,1,0
fl:i_ln:weissman-1,10184004,1548136800.0,0.0,5,73,11,0,0
fl:i_ln:weissman-1,10301387,1559019600.0,0.0,8,73,11,0,0
fl:i_ln:weissman-1,10316094,1560229200.0,0.0,4,73,11,0,0
fl:i_ln:weissman-1,10329354,1561438800.0,0.0,2,74,11,1,0
fl:i_ln:weissman-1,10344094,1562648400.0,0.0,6,77,11,3,0
fl:i_ln:weissman-1,10358472,1563858000.0,0.0,6,78,11,1,0
fl:i_ln:weissman-1,10386361,1566277200.0,0.0,3,80,11,2,0
fl:i_ln:weissman-1,10406179,1568091600.0,0.0,6,83,11,3,0
fl:i_ln:weissman-1,10543235,1580191200.0,0.0,3,85,11,2,0
fl:i_ln:weissman-1,10611842,1586235600.0,0.0,4,85,12,0,1
fl:i_ln:weissman-1,10618976,1586840400.0,0.0,5,86,12,1,0
fl:i_ln:weissman-1,10640561,1588654800.0,0.0,4,86,12,0,0
fl:i_ln:weissman-1,10645912,1589259600.0,0.0,4,89,14,3,2
fl:i_ln:weissman-1,10662242,1590469200.0,0.0,2,89,14,0,0
fl:i_ln:weissman-1,10723803,1595912400.0,0.0,5,89,14,0,0
fl:i_ln:weissman-1,10781256,1600750800.0,0.0,5,89,14,0,0
fl:i_ln:weissman-1,10780117,1600750800.0,0.0,3,90,14,1,0
fl:i_ln:weissman-1,10787640,1601355600.0,0.0,4,93,14,3,0
fl:i_ln:weissman-1,10800830,1602565200.0,0.0,7,93,14,0,0
fl:i_ln:weissman-1,10822411,1604383200.0,0.0,2,93,14,0,0
fl:k_ln:mullis-2,4582789,513928800.0,150.0,4,4,1,4,1
fl:k_ln:mullis-2,4617261,529650000.0,47.0,5,5,1,1,0
fl:k_ln:mullis-2,4683195,554446800.0,3789.0,6,10,1,5,0
fl:k_ln:mullis-2,4683202,554446800.0,4347.0,1,10,1,0,0
fl:k_ln:mullis-2,4705886,563522400.0,19.0,2,10,1,0,0
fl:k_ln:mullis-2,4751313,582267600.0,12.0,2,10,1,0,0
fl:k_ln:mullis-2,4754065,583477200.0,231.0,2,10,1,0,0
fl:k_ln:mullis-2,4800159,601624800.0,1252.0,6,10,1,0,0
fl:k_ln:mullis-2,4803297,602834400.0,10.0,2,10,1,0,0
fl:k_ln:mullis-2,4965188,656658000.0,1500.0,5,11,1,1,0
fl:k_ln:mullis-2,5028792,678430800.0,95.0,1,11,2,0,1
fl:k_ln:mullis-2,5176995,726213600.0,100.0,5,15,3,4,1
fl:k_ln:mullis-2,5187083,729842400.0,74.0,1,15,4,0,1
fl:k_ln:mullis-2,5234824,744958800.0,69.0,1,15,4,0,0
fl:k_ln:mullis-2,5333675,775803600.0,201.0,6,20,4,5,0
fl:k_ln:mullis-2,5386022,791532000.0,13.0,5,20,5,0,1
fl:k_ln:mullis-2,5436115,806648400.0,21.0,1,20,5,0,0
fl:k_ln:mullis-2,5468613,816933600.0,92.0,4,20,5,0,0
fl:k_ln:mullis-2,5604099,856245600.0,86.0,4,20,5,0,0
fl:k_ln:mullis-2,5656493,871362000.0,348.0,6,20,6,0,1
fl:k_ln:mullis-2,6040166,953618400.0,76.0,5,20,7,0,1
fl:k_ln:mullis-2,6197563,983858400.0,71.0,5,20,7,0,0
fl:k_ln:mullis-2,6514736,1044338400.0,27.0,5,20,7,0,0
fl:k_ln:mullis-2,7422746,1220936400.0,8.0,1,20,8,0,1
fl:k_ln:mullis-2,7645743,1263276000.0,5.0,1,20,8,0,0
fl:k_ln:mullis-2,7850975,1292306400.0,5.0,1,20,8,0,0
fl:k_ln:mullis-2,8236321,1344315600.0,1.0,1,20,8,0,0
fl:k_ln:mullis-2,8263082,1347339600.0,1.0,1,20,8,0,0
fl:k_ln:mullis-2,8591910,1385445600.0,0.0,1,20,8,0,0
fl:k_ln:mullis-2,8604184,1386655200.0,0.0,4,23,9,3,1
fl:l_ln:page-12,4712646,566546400.0,18.0,1,1,1,1,1
fl:l_ln:page-12,6285999,999579600.0,926.0,1,1,2,0,1
fl:l_ln:page-12,6799176,1096347600.0,219.0,1,1,2,0,0
fl:l_ln:page-12,7058628,1149570000.0,143.0,1,1,2,0,0
fl:l_ln:page-12,7269587,1189486800.0,35.0,1,1,2,0,0
fl:l_ln:page-12,7908277,1300165200.0,9.0,1,1,2,0,0
fl:l_ln:page-12,8126884,1330408800.0,2.0,1,1,2,0,0
fl:l_ln:page-12,8131715,1331013600.0,3.0,1,1,2,0,0
fl:l_ln:page-12,8131717,1331013600.0,2.0,1,1,2,0,0
fl:l_ln:page-12,8195651,1338872400.0,3.0,1,1,2,0,0
fl:l_ln:page-12,8521730,1377579600.0,0.0,1,1,2,0,0
fl:l_ln:page-12,8725726,1399957200.0,4.0,1,1,2,0,0
fl:m_ln:fannin-1,4371752,412927200.0,243.0,3,3,1,3,1
fl:m_ln:fannin-1,4580012,512719200.0,125.0,3,3,2,0,1
fl:m_ln:fannin-1,4581486,513324000.0,56.0,3,3,2,0,0
fl:m_ln:fannin-1,4585906,515134800.0,127.0,3,3,2,0,0
fl:m_ln:fannin-1,4602129,522392400.0,225.0,3,3,2,0,0
fl:m_ln:fannin-1,4640991,539330400.0,81.0,3,3,2,0,0
fl:m_ln:fannin-1,4652700,543564000.0,124.0,3,3,2,0,0
fl:m_ln:fannin-1,4757525,584686800.0,215.0,3,3,2,0,0
fl:m_ln:fannin-1,4761807,586501200.0,108.0,3,3,2,0,0
fl:m_ln:wigler-1,4399216,429858000.0,676.0,3,3,1,3,1
fl:m_ln:wigler-1,4634665,536911200.0,285.0,3,3,1,0,0
fl:m_ln:wigler-1,4866166,621579600.0,9.0,1,3,2,0,1
fl:m_ln:wigler-1,5179017,726818400.0,226.0,3,3,2,0,0
fl:m_ln:wigler-1,5320941,771570000.0,3.0,3,5,3,2,1
fl:m_ln:wigler-1,5436142,806648400.0,62.0,2,6,3,1,0
fl:m_ln:wigler-1,5501964,827820000.0,46.0,2,6,3,0,0
fl:m_ln:wigler-1,5527896,835074000.0,18.0,2,7,3,1,0
fl:m_ln:wigler-1,5565324,845355600.0,305.0,5,11,3,4,0
fl:m_ln:wigler-1,5569753,846568800.0,11.0,2,11,3,0,0
fl:m_ln:wigler-1,5721099,888300000.0,100.0,5,11,3,0,0
fl:m_ln:wigler-1,5780225,900392400.0,278.0,2,12,4,1,1
fl:m_ln:wigler-1,5789172,902206800.0,55.0,5,12,4,0,0
fl:m_ln:wigler-1,5876929,920354400.0,18.0,2,12,4,0,0
fl:m_ln:wigler-1,5968736,940309200.0,22.0,5,12,4,0,0
fl:m_ln:wigler-1,5977305,941522400.0,200.0,2,12,4,0,0
fl:m_ln:wigler-1,6001579,945151200.0,49.0,5,12,4,0,0
fl:m_ln:wigler-1,6069240,959662800.0,1.0,2,12,5,0,1
fl:m_ln:wigler-1,6080540,962082000.0,3.0,2,12,5,0,0
fl:m_ln:wigler-1,6100025,965710800.0,193.0,2,12,5,0,0
fl:m_ln:wigler-1,6159713,976600800.0,5.0,2,12,5,0,0
fl:m_ln:wigler-1,6277606,998370000.0,30.0,2,12,5,0,0
fl:m_ln:wigler-1,6303313,1003208400.0,27.0,2,12,5,0,0
fl:m_ln:wigler-1,6350576,1014703200.0,0.0,2,12,5,0,0
fl:m_ln:wigler-1,6455275,1032843600.0,11.0,3,12,5,0,0
fl:m_ln:wigler-1,6479243,1037080800.0,10.0,2,12,5,0,0
fl:m_ln:wigler-1,6503759,1041919200.0,16.0,5,12,5,0,0
fl:m_ln:wigler-1,6569617,1054011600.0,7.0,2,12,5,0,0
fl:m_ln:wigler-1,6635424,1066712400.0,0.0,2,12,5,0,0
fl:m_ln:wigler-1,6936477,1125378000.0,15.0,5,12,5,0,0
fl:m_ln:wigler-1,7531307,1242104400.0,6.0,2,13,5,1,0
fl:m_ln:wigler-1,8554488,1381208400.0,3.0,3,15,5,2,0
fl:m_ln:wigler-1,8663917,1393912800.0,3.0,2,15,5,0,0
fl:m_ln:wigler-1,8694263,1396933200.0,3.0,3,16,5,1,0
fl:m_ln:wigler-1,9404156,1470114000.0,23.0,5,20,5,4,0
fl:m_ln:wigler-1,10731149,1596517200.0,0.0,3,21,5,1,0
fl:n_ln:arnheim-1,4683195,554446800.0,3789.0,6,6,1,6,1
fl:n_ln:arnheim-1,4762706,587106000.0,22.0,6,11,2,5,1
fl:n_ln:arnheim-1,4798787,601020000.0,13.0,5,11,2,0,0
fl:n_ln:arnheim-1,4800159,601624800.0,1252.0,6,11,2,0,0
fl:r_ln:axel-1,4399216,429858000.0,676.0,3,3,1,3,1
fl:r_ln:axel-1,4634665,536911200.0,285.0,3,3,1,0,0
fl:r_ln:axel-1,4839293,613717200.0,34.0,3,5,1,2,0
fl:r_ln:axel-1,4985352,663919200.0,85.0,3,7,1,2,0
fl:r_ln:axel-1,5110906,705042000.0,15.0,4,10,2,3,1
fl:r_ln:axel-1,5126433,709880400.0,22.0,6,14,2,4,0
fl:r_ln:axel-1,5149636,717138000.0,7.0,2,15,2,1,0
fl:r_ln:axel-1,5179017,726818400.0,226.0,3,15,2,0,0
fl:r_ln:axel-1,5422274,802414800.0,5.0,4,15,2,0,0
fl:r_ln:axel-1,5871913,919144800.0,4.0,6,15,2,0,0
fl:r_ln:axel-1,5958678,938494800.0,0.0,6,15,2,0,0
fl:r_ln:axel-1,6093539,964501200.0,12.0,6,15,2,0,0
fl:r_ln:axel-1,6455275,1032843600.0,11.0,3,15,2,0,0
fl:r_ln:axel-1,6570000,1054011600.0,2.0,5,15,2,0,0
fl:r_ln:axel-1,6673896,1073368800.0,0.0,2,15,2,0,0
fl:r_ln:axel-1,7049076,1148360400.0,12.0,4,18,3,3,1
fl:r_ln:axel-1,7241881,1184043600.0,0.0,3,20,3,2,0
fl:r_ln:axel-1,8017398,1315890000.0,3.0,4,20,4,0,1
fl:r_ln:axel-1,10799178,1602565200.0,0.0,3,22,4,2,0
fl:r_ln:saiki-1,4683194,554446800.0,312.0,2,2,1,2,1
fl:r_ln:saiki-1,4683195,554446800.0,3789.0,6,6,1,4,0
fl:r_ln:saiki-1,4800159,601624800.0,1252.0,6,6,1,0,0
fl:r_ln:saiki-1,4889818,630655200.0,444.0,4,9,1,3,0
fl:r_ln:saiki-1,4965188,656658000.0,1500.0,5,9,1,0,0
fl:r_ln:saiki-1,5079352,694764000.0,200.0,4,9,1,0,0
fl:r_ln:saiki-1,5210015,737096400.0,641.0,4,11,2,2,1
fl:r_ln:saiki-1,5220004,740120400.0,3.0,2,12,2,1,0
fl:r_ln:saiki-1,5273883,757058400.0,4.0,2,12,3,0,1
fl:r_ln:saiki-1,5468613,816933600.0,92.0,4,12,3,0,0
fl:r_ln:saiki-1,5487972,822981600.0,271.0,4,12,3,0,0
fl:r_ln:saiki-1,5604099,856245600.0,86.0,4,12,3,0,0
fl:r_ln:saiki-1,5804375,905230800.0,202.0,4,12,4,0,1
fl:r_ln:saiki-1,6040166,953618400.0,76.0,5,12,4,0,0
fl:r_ln:saiki-1,6127155,970549200.0,72.0,3,12,4,0,0
fl:r_ln:saiki-1,6197563,983858400.0,71.0,5,12,4,0,0
fl:r_ln:saiki-1,6214979,986878800.0,64.0,4,12,4,0,0
fl:r_ln:saiki-1,6514736,1044338400.0,27.0,5,12,4,0,0
fl:r_ln:saiki-1,7141377,1164693600.0,14.0,4,12,4,0,0
fl:r_ln:saiki-1,7445900,1225778400.0,6.0,4,12,4,0,0
fl:r_ln:saiki-1,10590469,1584421200.0,0.0,4,15,5,3,1
fl:s_ln:cohen-18,3948875,197618400.0,22.0,2,2,1,2,1
fl:s_ln:cohen-18,4237224,344584800.0,316.0,2,3,2,1,1
fl:s_ln:cohen-18,4293652,371192400.0,77.0,1,3,3,0,1
fl:s_ln:cohen-18,4374927,414741600.0,19.0,2,4,3,1,0
fl:s_ln:cohen-18,4440853,449820000.0,40.0,3,6,3,2,0
fl:s_ln:cohen-18,4442206,450424800.0,44.0,5,8,4,2,1
fl:s_ln:cohen-18,4468464,462517200.0,109.0,2,8,4,0,0
fl:s_ln:cohen-18,4495280,475221600.0,22.0,3,10,4,2,0
fl:s_ln:cohen-18,4623627,532677600.0,20.0,2,11,4,1,0
fl:s_ln:cohen-18,4732852,575013600.0,16.0,2,11,4,0,0
fl:s_ln:cohen-18,4740470,578034000.0,13.0,2,11,4,0,0
fl:s_ln:cohen-18,5422275,802414800.0,0.0,4,13,4,2,0
fl:s_ln:cohen-18,5607842,857455200.0,0.0,2,14,4,1,0
fl:s_ln:cohen-18,5679523,877410000.0,37.0,2,15,4,1,0
fl:s_ln:cohen-18,5807995,905835600.0,7.0,2,15,4,0,0
fl:s_ln:cohen-18,5891668,923374800.0,5.0,2,15,4,0,0
fl:s_ln:cohen-18,6248523,992926800.0,5.0,2,15,4,0,0
fl:s_ln:cohen-18,6835816,1104213600.0,8.0,2,15,4,0,0
fl:s_ln:cohen-18,7494767,1235455200.0,1.0,4,18,5,3,1
fl:s_ln:cohen-18,7592154,1253595600.0,1.0,3,20,5,2,0
fl:s_ln:cohen-18,7714108,1273554000.0,1.0,2,20,5,0,0
fl:s_ln:cohen-18,7838252,1290492000.0,3.0,2,21,5,1,0
fl:s_ln:cohen-18,7973130,1309842000.0,0.0,2,21,5,0,0
fl:s_ln:cohen-18,8404807,1364274000.0,0.0,2,21,5,0,0
fl:s_ln:cohen-18,8569254,1383022800.0,1.0,4,24,6,3,1
fl:s_ln:cohen-18,8691780,1396933200.0,0.0,2,25,6,1,0
fl:s_ln:cohen-18,9211303,1450159200.0,0.0,4,26,6,1,0
fl:s_ln:cohen-18,9226935,1451973600.0,0.0,4,26,6,0,0
fl:s_ln:cohen-18,9637741,1493701200.0,0.0,4,26,6,0,0
fl:s_ln:cohen-18,9737480,1503378000.0,1.0,3,28,8,2,2
fl:s_ln:cohen-18,9816080,1510639200.0,1.0,3,29,8,1,0
fl:s_ln:cohen-18,9862947,1515477600.0,0.0,4,29,8,0,0
fl:s_ln:cohen-18,10260055,1555390800.0,0.0,3,29,8,0,0
fl:s_ln:cohen-18,10675293,1591678800.0,0.0,6,33,8,4,0
fl:s_ln:cohen-18,10760077,1598936400.0,0.0,4,33,8,0,0
fl:s_ln:scharf-4,4407040,434091600.0,7.0,1,1,1,1,1
fl:s_ln:scharf-4,4683195,554446800.0,3789.0,6,6,2,5,1
fl:s_ln:scharf-4,4691403,558075600.0,7.0,1,6,3,0,1
fl:s_ln:scharf-4,4800159,601624800.0,1252.0,6,6,3,0,0
fl:s_ln:scharf-4,5567809,845960400.0,23.0,4,8,4,2,1
fl:s_ln:silverstein-3,4399216,429858000.0,676.0,3,3,1,3,1
fl:s_ln:silverstein-3,4634665,536911200.0,285.0,3,3,1,0,0
fl:s_ln:silverstein-3,5179017,726818400.0,226.0,3,3,1,0,0
fl:s_ln:silverstein-3,5543294,839307600.0,7.0,3,5,1,2,0
fl:s_ln:silverstein-3,5814448,907045200.0,18.0,3,5,1,0,0
fl:s_ln:silverstein-3,5888724,922773600.0,32.0,4,6,1,1,0
fl:s_ln:silverstein-3,6455275,1032843600.0,11.0,3,6,1,0,0
fl:s_ln:silverstein-3,6756368,1088485200.0,0.0,3,8,1,2,0
fl:s_ln:silverstein-3,6809182,1098766800.0,0.0,4,10,1,2,0
fl:s_ln:silverstein-3,7273616,1190696400.0,0.0,5,13,1,3,0
fl:s_ln:trokel-1,4052985,245394000.0,21.0,2,2,1,2,1
fl:s_ln:trokel-1,4638801,538725600.0,57.0,2,3,2,1,1
fl:s_ln:trokel-1,4988163,665128800.0,33.0,3,5,3,2,1
fl:s_ln:trokel-1,5108388,704437200.0,162.0,1,5,4,0,1
fl:s_ln:trokel-1,5279611,758872800.0,43.0,2,6,4,1,0
fl:s_ln:trokel-1,5471262,817538400.0,5.0,1,6,4,0,0
fl:s_ln:trokel-1,5592247,852616800.0,5.0,1,6,4,0,0
fl:s_ln:trokel-1,5711762,885880800.0,22.0,1,6,4,0,0
fl:s_ln:trokel-1,5735843,891925200.0,29.0,1,6,4,0,0
fl:s_ln:trokel-1,8466203,1371531600.0,3.0,2,7,4,1,0
fl:s_ln:trokel-1,8580789,1384236000.0,5.0,4,10,6,3,2
fl:s_ln:trokel-1,9125856,1441688400.0,3.0,2,10,7,0,1
fl:s_ln:trokel-1,10105350,1540270800.0,0.0,2,10,7,0,0
fl:s_ln:trokel-1,10292967,1558414800.0,0.0,2,10,7,0,0
fl:s_ln:wozniak-4,4136359,285919200.0,32.0,1,1,1,1,1
fl:s_ln:wozniak-4,4210959,331275600.0,121.0,1,1,1,0,0
fl:s_ln:wozniak-4,4217604,334904400.0,26.0,1,1,1,0,0
fl:s_ln:wozniak-4,4278972,363934800.0,34.0,1,1,1,0,0
fl:t_ln:tansil-1,4371752,412927200.0,243.0,3,3,1,3,1
fl:t_ln:tansil-1,4580012,512719200.0,125.0,3,3,2,0,1
fl:t_ln:tansil-1,4581486,513324000.0,56.0,3,3,2,0,0
fl:t_ln:tansil-1,4585906,515134800.0,127.0,3,3,2,0,0
fl:t_ln:tansil-1,4602129,522392400.0,225.0,3,3,2,0,0
fl:t_ln:tansil-1,4640991,539330400.0,81.0,3,3,2,0,0
fl:t_ln:tansil-1,4652700,543564000.0,124.0,3,3,2,0,0
fl:t_ln:tansil-1,4757525,584686800.0,215.0,3,3,2,0,0
fl:t_ln:tansil-1,4761807,586501200.0,108.0,3,3,2,0,0
fl:y_ln:aihara-2,5061620,688716000.0,308.0,4,4,1,4,1
fl:y_ln:aihara-2,5643741,867733200.0,110.0,4,4,1,0,0
fl:y_ln:aihara-2,5716827,887090400.0,88.0,4,4,1,0,0
fl:y_ln:aihara-2,5750397,894949200.0,141.0,4,4,1,0,0
fl:y_ln:aihara-2,5763197,897368400.0,53.0,4,4,1,0,0
fl:y_ln:aihara-2,5914108,930027600.0,92.0,4,4,1,0,0
